fold,demand_type,level,hierarchy_series,level_weight_share,wrmsse_contribution,invalid_scale_count,minimum_test_days,maximum_test_days,level_wrmsse,weight_difference
1,smooth,L10_Item,142,0.08333333333333333,0.09231384677836711,0,28,28,1.1077661613404055,0.0
1,smooth,L11_Item_State,180,0.08333333333333333,0.09042133573618011,0,28,28,1.0850560288341613,0.0
1,smooth,L12_Item_Store,200,0.08333333333333333,0.09117929048304366,0,28,28,1.094151485796524,0.0
1,smooth,L1_Total,1,0.08333333333333333,0.06416253079458684,0,28,28,0.769950369535042,0.0
1,smooth,L2_State,3,0.08333333333333333,0.06261331864629223,0,28,28,0.7513598237555068,0.0
1,smooth,L3_Store,10,0.08333333333333333,0.07521962705522342,0,28,28,0.902635524662681,0.0
1,smooth,L4_Category,3,0.08333333333333333,0.06928833885397219,0,28,28,0.8314600662476663,0.0
1,smooth,L5_Department,5,0.08333333333333333,0.0728760376063111,0,28,28,0.8745124512757333,0.0
1,smooth,L6_State_Category,9,0.08333333333333333,0.07338033915197331,0,28,28,0.8805640698236797,0.0
1,smooth,L7_State_Department,14,0.08333333333333333,0.07726851536947495,0,28,28,0.9272221844336994,0.0
1,smooth,L8_Store_Category,29,0.08333333333333333,0.08386124767361224,0,28,28,1.006334972083347,0.0
1,smooth,L9_Store_Department,39,0.08333333333333333,0.08681494180838262,0,28,28,1.0417793017005914,0.0
1,erratic,L10_Item,119,0.08333333333333333,0.12454666816901146,0,28,28,1.4945600180281375,0.0
1,erratic,L11_Item_State,171,0.08333333333333333,0.12567183088199219,0,28,28,1.5080619705839062,0.0
1,erratic,L12_Item_Store,200,0.08333333333333333,0.12492513827669421,0,28,28,1.4991016593203306,0.0
1,erratic,L1_Total,1,0.08333333333333333,0.08087949666273986,0,28,28,0.9705539599528783,0.0
1,erratic,L2_State,3,0.08333333333333333,0.0795165387339077,0,28,28,0.9541984648068924,0.0
1,erratic,L3_Store,10,0.08333333333333333,0.0957608961220089,0,28,28,1.1491307534641069,0.0
1,erratic,L4_Category,3,0.08333333333333333,0.08872989775992217,0,28,28,1.0647587731190662,0.0
1,erratic,L5_Department,5,0.08333333333333334,0.08827049753015029,0,28,28,1.0592459703618033,1.3877787807814457e-17
1,erratic,L6_State_Category,9,0.08333333333333333,0.08765036454457789,0,28,28,1.0518043745349348,0.0
1,erratic,L7_State_Department,15,0.08333333333333333,0.10344843751731754,0,28,28,1.2413812502078105,0.0
1,erratic,L8_Store_Category,25,0.08333333333333333,0.08824320482197132,0,28,28,1.058918457863656,0.0
1,erratic,L9_Store_Department,39,0.08333333333333333,0.11238462564456136,0,28,28,1.3486155077347364,0.0
1,intermittent,L10_Item,191,0.08333333333333333,0.08748812535043438,0,28,28,1.0498575042052125,0.0
1,intermittent,L11_Item_State,198,0.08333333333333333,0.08729141670033602,0,28,28,1.0474970004040323,0.0
1,intermittent,L12_Item_Store,200,0.08333333333333333,0.08726172703986955,0,28,28,1.0471407244784348,0.0
1,intermittent,L1_Total,1,0.08333333333333333,0.07345099414477857,0,28,28,0.8814119297373428,0.0
1,intermittent,L2_State,3,0.08333333333333333,0.07374009772513404,0,28,28,0.8848811727016085,0.0
1,intermittent,L3_Store,10,0.08333333333333333,0.07448629026142033,0,28,28,0.893835483137044,0.0
1,intermittent,L4_Category,3,0.08333333333333333,0.07996657237672557,0,28,28,0.9595988685207069,0.0
1,intermittent,L5_Department,7,0.08333333333333333,0.08234739909518306,0,28,28,0.9881687891421967,0.0
1,intermittent,L6_State_Category,9,0.08333333333333333,0.0829446681637203,0,28,28,0.9953360179646437,0.0
1,intermittent,L7_State_Department,21,0.08333333333333333,0.09178051669567548,0,28,28,1.101366200348106,0.0
1,intermittent,L8_Store_Category,30,0.08333333333333333,0.083492349742401,0,28,28,1.001908196908812,0.0
1,intermittent,L9_Store_Department,60,0.08333333333333333,0.09041612913331583,0,28,28,1.08499354959979,0.0
1,lumpy,L10_Item,182,0.08333333333333333,0.12283472288471804,0,28,28,1.4740166746166166,0.0
1,lumpy,L11_Item_State,197,0.08333333333333333,0.12236059314639665,0,28,28,1.4683271177567598,0.0
1,lumpy,L12_Item_Store,200,0.08333333333333333,0.12252047532928123,0,28,28,1.4702457039513748,0.0
1,lumpy,L1_Total,1,0.08333333333333333,0.09762273443466002,0,28,28,1.1714728132159202,0.0
1,lumpy,L2_State,3,0.08333333333333333,0.10806592756265289,0,28,28,1.2967911307518347,0.0
1,lumpy,L3_Store,10,0.08333333333333333,0.09858558860655321,0,28,28,1.1830270632786386,0.0
1,lumpy,L4_Category,3,0.08333333333333333,0.11483812239074992,0,28,28,1.378057468688999,0.0
1,lumpy,L5_Department,7,0.08333333333333334,0.12023603136095216,0,28,28,1.442832376331426,1.3877787807814457e-17
1,lumpy,L6_State_Category,9,0.08333333333333333,0.10639584042902786,0,28,28,1.2767500851483344,0.0
1,lumpy,L7_State_Department,21,0.08333333333333333,0.10747302516526054,0,28,28,1.2896763019831265,0.0
1,lumpy,L8_Store_Category,30,0.08333333333333333,0.10203968077939957,0,28,28,1.2244761693527948,0.0
1,lumpy,L9_Store_Department,59,0.08333333333333334,0.11078568529841364,0,28,28,1.3294282235809636,1.3877787807814457e-17
2,smooth,L10_Item,142,0.08333333333333333,0.0806048996415115,0,28,28,0.9672587956981381,0.0
2,smooth,L11_Item_State,180,0.08333333333333333,0.08154692017585326,0,28,28,0.9785630421102391,0.0
2,smooth,L12_Item_Store,200,0.08333333333333333,0.08194941126563508,0,28,28,0.983392935187621,0.0
2,smooth,L1_Total,1,0.08333333333333333,0.05445819270613299,0,28,28,0.6534983124735959,0.0
2,smooth,L2_State,3,0.08333333333333333,0.05822868640693318,0,28,28,0.6987442368831982,0.0
2,smooth,L3_Store,10,0.08333333333333333,0.06546769395748561,0,28,28,0.7856123274898273,0.0
2,smooth,L4_Category,3,0.08333333333333334,0.07032677340090118,0,28,28,0.8439212808108141,1.3877787807814457e-17
2,smooth,L5_Department,5,0.08333333333333334,0.07016663505080101,0,28,28,0.841999620609612,1.3877787807814457e-17
2,smooth,L6_State_Category,9,0.08333333333333333,0.0731504568317703,0,28,28,0.8778054819812435,0.0
2,smooth,L7_State_Department,14,0.08333333333333333,0.07362373166477483,0,28,28,0.883484779977298,0.0
2,smooth,L8_Store_Category,29,0.08333333333333333,0.07623774045540252,0,28,28,0.9148528854648302,0.0
2,smooth,L9_Store_Department,39,0.08333333333333333,0.07779891367661346,0,28,28,0.9335869641193615,0.0
2,erratic,L10_Item,119,0.08333333333333333,0.10477999965122901,0,28,28,1.2573599958147483,0.0
2,erratic,L11_Item_State,171,0.08333333333333333,0.10765562842624206,0,28,28,1.2918675411149048,0.0
2,erratic,L12_Item_Store,200,0.08333333333333333,0.10864007261452442,0,28,28,1.3036808713742931,0.0
2,erratic,L1_Total,1,0.08333333333333333,0.062143388311468,0,28,28,0.745720659737616,0.0
2,erratic,L2_State,3,0.08333333333333334,0.07025492184721124,0,28,28,0.8430590621665348,1.3877787807814457e-17
2,erratic,L3_Store,10,0.08333333333333333,0.08164304056043074,0,28,28,0.979716486725169,0.0
2,erratic,L4_Category,3,0.08333333333333333,0.06965042084716995,0,28,28,0.8358050501660395,0.0
2,erratic,L5_Department,5,0.08333333333333334,0.07620191454395046,0,28,28,0.9144229745274055,1.3877787807814457e-17
2,erratic,L6_State_Category,9,0.08333333333333333,0.07261548609071208,0,28,28,0.871385833088545,0.0
2,erratic,L7_State_Department,15,0.08333333333333333,0.08598350551345084,0,28,28,1.0318020661614102,0.0
2,erratic,L8_Store_Category,25,0.08333333333333333,0.07829598284947163,0,28,28,0.9395517941936596,0.0
2,erratic,L9_Store_Department,39,0.08333333333333333,0.10415594016499581,0,28,28,1.2498712819799498,0.0
2,intermittent,L10_Item,191,0.08333333333333333,0.08849519979080941,0,28,28,1.061942397489713,0.0
2,intermittent,L11_Item_State,198,0.08333333333333333,0.08827191714905305,0,28,28,1.0592630057886367,0.0
2,intermittent,L12_Item_Store,200,0.08333333333333333,0.08821058194841087,0,28,28,1.0585269833809305,0.0
2,intermittent,L1_Total,1,0.08333333333333333,0.07662976809424885,0,28,28,0.9195572171309861,0.0
2,intermittent,L2_State,3,0.08333333333333333,0.08336451357082077,0,28,28,1.0003741628498493,0.0
2,intermittent,L3_Store,10,0.08333333333333333,0.08153676092396575,0,28,28,0.978441131087589,0.0
2,intermittent,L4_Category,3,0.08333333333333334,0.08131808766428104,0,28,28,0.9758170519713725,1.3877787807814457e-17
2,intermittent,L5_Department,7,0.08333333333333333,0.08470260619987816,0,28,28,1.016431274398538,0.0
2,intermittent,L6_State_Category,9,0.08333333333333333,0.08874152222817219,0,28,28,1.0648982667380664,0.0
2,intermittent,L7_State_Department,21,0.08333333333333333,0.08950861646447174,0,28,28,1.074103397573661,0.0
2,intermittent,L8_Store_Category,30,0.08333333333333333,0.08677462134687214,0,28,28,1.0412954561624657,0.0
2,intermittent,L9_Store_Department,60,0.08333333333333333,0.08964225708693208,0,28,28,1.075707085043185,0.0
2,lumpy,L10_Item,182,0.08333333333333333,0.11912218416541549,0,28,28,1.429466209984986,0.0
2,lumpy,L11_Item_State,197,0.08333333333333333,0.11874282230646929,0,28,28,1.4249138676776316,0.0
2,lumpy,L12_Item_Store,200,0.08333333333333333,0.11920593683373851,0,28,28,1.4304712420048622,0.0
2,lumpy,L1_Total,1,0.08333333333333333,0.06769848857867712,0,28,28,0.8123818629441255,0.0
2,lumpy,L2_State,3,0.08333333333333334,0.0888529041583416,0,28,28,1.066234849900099,1.3877787807814457e-17
2,lumpy,L3_Store,10,0.08333333333333334,0.11572897111007667,0,28,28,1.38874765332092,1.3877787807814457e-17
2,lumpy,L4_Category,3,0.08333333333333334,0.09746907809037669,0,28,28,1.16962893708452,1.3877787807814457e-17
2,lumpy,L5_Department,7,0.08333333333333333,0.13189185681804783,0,28,28,1.582702281816574,0.0
2,lumpy,L6_State_Category,9,0.08333333333333334,0.09507101902885562,0,28,28,1.1408522283462672,1.3877787807814457e-17
2,lumpy,L7_State_Department,21,0.08333333333333333,0.12180178683042364,0,28,28,1.4616214419650837,0.0
2,lumpy,L8_Store_Category,30,0.08333333333333334,0.11816210886956217,0,28,28,1.417945306434746,1.3877787807814457e-17
2,lumpy,L9_Store_Department,59,0.08333333333333333,0.1205225173159007,0,28,28,1.4462702077908085,0.0
3,smooth,L10_Item,142,0.08333333333333333,0.0758097709073341,0,28,28,0.9097172508880091,0.0
3,smooth,L11_Item_State,180,0.08333333333333333,0.07682531938332458,0,28,28,0.9219038325998951,0.0
3,smooth,L12_Item_Store,200,0.08333333333333333,0.07697111580655895,0,28,28,0.9236533896787075,0.0
3,smooth,L1_Total,1,0.08333333333333333,0.0422781625182622,0,28,28,0.5073379502191464,0.0
3,smooth,L2_State,3,0.08333333333333333,0.04805889924791811,0,28,28,0.5767067909750174,0.0
3,smooth,L3_Store,10,0.08333333333333334,0.06167954410533569,0,28,28,0.7401545292640281,1.3877787807814457e-17
3,smooth,L4_Category,3,0.08333333333333334,0.05039661405002775,0,28,28,0.604759368600333,1.3877787807814457e-17
3,smooth,L5_Department,5,0.08333333333333334,0.054365822349803285,0,28,28,0.6523898681976393,1.3877787807814457e-17
3,smooth,L6_State_Category,9,0.08333333333333333,0.057387351693921534,0,28,28,0.6886482203270584,0.0
3,smooth,L7_State_Department,14,0.08333333333333333,0.059786281575504245,0,28,28,0.717435378906051,0.0
3,smooth,L8_Store_Category,29,0.08333333333333333,0.06855765717273746,0,28,28,0.8226918860728495,0.0
3,smooth,L9_Store_Department,39,0.08333333333333333,0.07026923106470363,0,28,28,0.8432307727764436,0.0
3,erratic,L10_Item,119,0.08333333333333333,0.08331140403870844,0,28,28,0.9997368484645014,0.0
3,erratic,L11_Item_State,171,0.08333333333333333,0.08728362364618696,0,28,28,1.0474034837542436,0.0
3,erratic,L12_Item_Store,200,0.08333333333333333,0.08798775337192785,0,28,28,1.0558530404631343,0.0
3,erratic,L1_Total,1,0.08333333333333333,0.05492421632712548,0,28,28,0.6590905959255058,0.0
3,erratic,L2_State,3,0.08333333333333333,0.05759208490358872,0,28,28,0.6911050188430646,0.0
3,erratic,L3_Store,10,0.08333333333333333,0.06873108040301551,0,28,28,0.8247729648361861,0.0
3,erratic,L4_Category,3,0.08333333333333334,0.05657618073409354,0,28,28,0.6789141688091224,1.3877787807814457e-17
3,erratic,L5_Department,5,0.08333333333333334,0.061690825970676905,0,28,28,0.7402899116481227,1.3877787807814457e-17
3,erratic,L6_State_Category,9,0.08333333333333333,0.05750374276178741,0,28,28,0.6900449131414489,0.0
3,erratic,L7_State_Department,15,0.08333333333333333,0.06760852223227319,0,28,28,0.8113022667872783,0.0
3,erratic,L8_Store_Category,25,0.08333333333333333,0.0685361336230228,0,28,28,0.8224336034762736,0.0
3,erratic,L9_Store_Department,39,0.08333333333333333,0.07789486698920191,0,28,28,0.934738403870423,0.0
3,intermittent,L10_Item,191,0.08333333333333333,0.09506885750114148,0,28,28,1.1408262900136978,0.0
3,intermittent,L11_Item_State,198,0.08333333333333333,0.09517542172712375,0,28,28,1.142105060725485,0.0
3,intermittent,L12_Item_Store,200,0.08333333333333333,0.09522766031191383,0,28,28,1.142731923742966,0.0
3,intermittent,L1_Total,1,0.08333333333333333,0.19003031256537142,0,28,28,2.280363750784457,0.0
3,intermittent,L2_State,3,0.08333333333333334,0.1602585941153649,0,28,28,1.9231031293843786,1.3877787807814457e-17
3,intermittent,L3_Store,10,0.08333333333333333,0.1290566675753908,0,28,28,1.5486800109046897,0.0
3,intermittent,L4_Category,3,0.08333333333333334,0.14895371317921888,0,28,28,1.7874445581506264,1.3877787807814457e-17
3,intermittent,L5_Department,7,0.08333333333333334,0.15266198670931327,0,28,28,1.8319438405117592,1.3877787807814457e-17
3,intermittent,L6_State_Category,9,0.08333333333333333,0.1345686272984265,0,28,28,1.614823527581118,0.0
3,intermittent,L7_State_Department,21,0.08333333333333333,0.12828518907701572,0,28,28,1.5394222689241888,0.0
3,intermittent,L8_Store_Category,30,0.08333333333333333,0.11639586047938466,0,28,28,1.396750325752616,0.0
3,intermittent,L9_Store_Department,60,0.08333333333333333,0.11257887972782643,0,28,28,1.3509465567339172,0.0
3,lumpy,L10_Item,182,0.08333333333333333,0.11682685698811367,0,28,28,1.4019222838573642,0.0
3,lumpy,L11_Item_State,197,0.08333333333333333,0.11641728064254422,0,28,28,1.3970073677105308,0.0
3,lumpy,L12_Item_Store,200,0.08333333333333333,0.11645169057543683,0,28,28,1.3974202869052421,0.0
3,lumpy,L1_Total,1,0.08333333333333333,0.07130798823599915,0,28,28,0.8556958588319898,0.0
3,lumpy,L2_State,3,0.08333333333333334,0.09989767779041413,0,28,28,1.1987721334849695,1.3877787807814457e-17
3,lumpy,L3_Store,10,0.08333333333333333,0.10838271353123856,0,28,28,1.3005925623748629,0.0
3,lumpy,L4_Category,3,0.08333333333333333,0.0779141614307252,0,28,28,0.9349699371687025,0.0
3,lumpy,L5_Department,7,0.08333333333333333,0.10477708140589626,0,28,28,1.257324976870755,0.0
3,lumpy,L6_State_Category,9,0.08333333333333333,0.09632588389717255,0,28,28,1.1559106067660707,0.0
3,lumpy,L7_State_Department,21,0.08333333333333333,0.11348340699338354,0,28,28,1.3618008839206026,0.0
3,lumpy,L8_Store_Category,30,0.08333333333333333,0.10733588683990089,0,28,28,1.2880306420788108,0.0
3,lumpy,L9_Store_Department,59,0.08333333333333333,0.11711494238081048,0,28,28,1.405379308569726,0.0
4,smooth,L10_Item,142,0.08333333333333333,0.07945380408419636,0,28,28,0.9534456490103563,0.0
4,smooth,L11_Item_State,180,0.08333333333333333,0.07983782482833146,0,28,28,0.9580538979399775,0.0
4,smooth,L12_Item_Store,200,0.08333333333333333,0.08102070253229685,0,28,28,0.9722484303875621,0.0
4,smooth,L1_Total,1,0.08333333333333333,0.046442257364646966,0,28,28,0.5573070883757636,0.0
4,smooth,L2_State,3,0.08333333333333333,0.05004699960503295,0,28,28,0.6005639952603954,0.0
4,smooth,L3_Store,10,0.08333333333333334,0.06132209561029735,0,28,28,0.7358651473235681,1.3877787807814457e-17
4,smooth,L4_Category,3,0.08333333333333334,0.054501592820793254,0,28,28,0.6540191138495189,1.3877787807814457e-17
4,smooth,L5_Department,5,0.08333333333333333,0.056806546091235255,0,28,28,0.6816785530948231,0.0
4,smooth,L6_State_Category,9,0.08333333333333333,0.058733856075208736,0,28,28,0.7048062729025049,0.0
4,smooth,L7_State_Department,14,0.08333333333333333,0.06098255177067513,0,28,28,0.7317906212481016,0.0
4,smooth,L8_Store_Category,29,0.08333333333333333,0.06778527102140568,0,28,28,0.8134232522568682,0.0
4,smooth,L9_Store_Department,39,0.08333333333333333,0.06986564855429343,0,28,28,0.8383877826515213,0.0
4,erratic,L10_Item,119,0.08333333333333333,0.08564373274430481,0,28,28,1.0277247929316577,0.0
4,erratic,L11_Item_State,171,0.08333333333333333,0.08854459634266337,0,28,28,1.0625351561119605,0.0
4,erratic,L12_Item_Store,200,0.08333333333333333,0.08873074423875003,0,28,28,1.0647689308650006,0.0
4,erratic,L1_Total,1,0.08333333333333333,0.04127910664179711,0,28,28,0.49534927970156534,0.0
4,erratic,L2_State,3,0.08333333333333334,0.06198390862444434,0,28,28,0.743806903493332,1.3877787807814457e-17
4,erratic,L3_Store,10,0.08333333333333333,0.07068047341173886,0,28,28,0.8481656809408663,0.0
4,erratic,L4_Category,3,0.08333333333333333,0.04992169502258789,0,28,28,0.5990603402710547,0.0
4,erratic,L5_Department,5,0.08333333333333333,0.056622900216553584,0,28,28,0.679474802598643,0.0
4,erratic,L6_State_Category,9,0.08333333333333333,0.07109493230696763,0,28,28,0.8531391876836116,0.0
4,erratic,L7_State_Department,15,0.08333333333333333,0.0685998209414282,0,28,28,0.8231978512971385,0.0
4,erratic,L8_Store_Category,25,0.08333333333333333,0.07544013693418991,0,28,28,0.9052816432102789,0.0
4,erratic,L9_Store_Department,39,0.08333333333333333,0.07869408086817582,0,28,28,0.9443289704181099,0.0
4,intermittent,L10_Item,191,0.08333333333333333,0.09778443031621996,0,28,28,1.1734131637946397,0.0
4,intermittent,L11_Item_State,198,0.08333333333333333,0.09777449122279722,0,28,28,1.1732938946735667,0.0
4,intermittent,L12_Item_Store,200,0.08333333333333333,0.09882040650548074,0,28,28,1.1858448780657689,0.0
4,intermittent,L1_Total,1,0.08333333333333333,0.08105650097228878,0,28,28,0.9726780116674654,0.0
4,intermittent,L2_State,3,0.08333333333333333,0.09021732603181394,0,28,28,1.0826079123817673,0.0
4,intermittent,L3_Store,10,0.08333333333333333,0.10191581841970922,0,28,28,1.2229898210365107,0.0
4,intermittent,L4_Category,3,0.08333333333333334,0.08703891335910183,0,28,28,1.0444669603092218,1.3877787807814457e-17
4,intermittent,L5_Department,7,0.08333333333333333,0.09183802421491707,0,28,28,1.102056290579005,0.0
4,intermittent,L6_State_Category,9,0.08333333333333333,0.09898885539180291,0,28,28,1.187866264701635,0.0
4,intermittent,L7_State_Department,21,0.08333333333333333,0.09984485059240401,0,28,28,1.1981382071088482,0.0
4,intermittent,L8_Store_Category,30,0.08333333333333333,0.10413252340647604,0,28,28,1.2495902808777126,0.0
4,intermittent,L9_Store_Department,60,0.08333333333333333,0.10186266041957354,0,28,28,1.2223519250348824,0.0
4,lumpy,L10_Item,182,0.08333333333333333,0.11882951225361987,0,28,28,1.4259541470434385,0.0
4,lumpy,L11_Item_State,197,0.08333333333333333,0.11864375006310954,0,28,28,1.4237250007573146,0.0
4,lumpy,L12_Item_Store,200,0.08333333333333333,0.11876166796642344,0,28,28,1.4251400155970815,0.0
4,lumpy,L1_Total,1,0.08333333333333333,0.05526430667495276,0,28,28,0.6631716800994332,0.0
4,lumpy,L2_State,3,0.08333333333333333,0.0675013400411856,0,28,28,0.8100160804942272,0.0
4,lumpy,L3_Store,10,0.08333333333333333,0.09146517024378481,0,28,28,1.0975820429254177,0.0
4,lumpy,L4_Category,3,0.08333333333333333,0.06835607362273638,0,28,28,0.8202728834728366,0.0
4,lumpy,L5_Department,7,0.08333333333333333,0.09967446247156882,0,28,28,1.1960935496588259,0.0
4,lumpy,L6_State_Category,9,0.08333333333333334,0.08684589429173192,0,28,28,1.042150731500783,1.3877787807814457e-17
4,lumpy,L7_State_Department,21,0.08333333333333333,0.11444583836975084,0,28,28,1.3733500604370101,0.0
4,lumpy,L8_Store_Category,30,0.08333333333333333,0.11009899024397563,0,28,28,1.3211878829277075,0.0
4,lumpy,L9_Store_Department,59,0.08333333333333333,0.11885556388521151,0,28,28,1.4262667666225382,0.0
5,smooth,L10_Item,142,0.08333333333333333,0.07912719740568462,0,28,28,0.9495263688682155,0.0
5,smooth,L11_Item_State,180,0.08333333333333333,0.08086255388740876,0,28,28,0.9703506466489051,0.0
5,smooth,L12_Item_Store,200,0.08333333333333333,0.08058772988343163,0,28,28,0.9670527586011796,0.0
5,smooth,L1_Total,1,0.08333333333333333,0.03888204645365054,0,28,28,0.46658455744380645,0.0
5,smooth,L2_State,3,0.08333333333333333,0.04569443119676318,0,28,28,0.5483331743611582,0.0
5,smooth,L3_Store,10,0.08333333333333334,0.05657053039199987,0,28,28,0.6788463647039984,1.3877787807814457e-17
5,smooth,L4_Category,3,0.08333333333333334,0.04500966516314263,0,28,28,0.5401159819577115,1.3877787807814457e-17
5,smooth,L5_Department,5,0.08333333333333334,0.048972655346192925,0,28,28,0.587671864154315,1.3877787807814457e-17
5,smooth,L6_State_Category,9,0.08333333333333333,0.054994433074908214,0,28,28,0.6599331968988986,0.0
5,smooth,L7_State_Department,14,0.08333333333333333,0.057909433432596885,0,28,28,0.6949132011911626,0.0
5,smooth,L8_Store_Category,29,0.08333333333333333,0.06443531186992182,0,28,28,0.7732237424390619,0.0
5,smooth,L9_Store_Department,39,0.08333333333333333,0.06665413035206483,0,28,28,0.7998495642247779,0.0
5,erratic,L10_Item,119,0.08333333333333333,0.09567332399239468,0,28,28,1.1480798879087364,0.0
5,erratic,L11_Item_State,171,0.08333333333333333,0.09861386658337157,0,28,28,1.1833663990004588,0.0
5,erratic,L12_Item_Store,200,0.08333333333333333,0.10019196508147721,0,28,28,1.2023035809777265,0.0
5,erratic,L1_Total,1,0.08333333333333333,0.04743440561348184,0,28,28,0.5692128673617821,0.0
5,erratic,L2_State,3,0.08333333333333333,0.05456948469938548,0,28,28,0.6548338163926258,0.0
5,erratic,L3_Store,10,0.08333333333333333,0.06702193192527231,0,28,28,0.8042631831032677,0.0
5,erratic,L4_Category,3,0.08333333333333334,0.051497564067839494,0,28,28,0.6179707688140739,1.3877787807814457e-17
5,erratic,L5_Department,5,0.08333333333333333,0.05294046884737054,0,28,28,0.6352856261684465,0.0
5,erratic,L6_State_Category,9,0.08333333333333333,0.06078101484726138,0,28,28,0.7293721781671366,0.0
5,erratic,L7_State_Department,15,0.08333333333333333,0.07117661469681755,0,28,28,0.8541193763618106,0.0
5,erratic,L8_Store_Category,25,0.08333333333333333,0.0743878510696936,0,28,28,0.8926542128363233,0.0
5,erratic,L9_Store_Department,39,0.08333333333333333,0.08668945266306306,0,28,28,1.0402734319567568,0.0
5,intermittent,L10_Item,191,0.08333333333333333,0.10518811131580176,0,28,28,1.2622573357896212,0.0
5,intermittent,L11_Item_State,198,0.08333333333333333,0.1053073831526033,0,28,28,1.2636885978312395,0.0
5,intermittent,L12_Item_Store,200,0.08333333333333333,0.10192840840785514,0,28,28,1.2231409008942618,0.0
5,intermittent,L1_Total,1,0.08333333333333333,0.1056455361305721,0,28,28,1.2677464335668653,0.0
5,intermittent,L2_State,3,0.08333333333333333,0.12907853927792662,0,28,28,1.5489424713351194,0.0
5,intermittent,L3_Store,10,0.08333333333333333,0.11455961128571039,0,28,28,1.3747153354285249,0.0
5,intermittent,L4_Category,3,0.08333333333333333,0.11396215009467449,0,28,28,1.367545801136094,0.0
5,intermittent,L5_Department,7,0.08333333333333333,0.11483987557583866,0,28,28,1.378078506910064,0.0
5,intermittent,L6_State_Category,9,0.08333333333333334,0.11885392148052007,0,28,28,1.4262470577662407,1.3877787807814457e-17
5,intermittent,L7_State_Department,21,0.08333333333333333,0.11948941811430326,0,28,28,1.4338730173716392,0.0
5,intermittent,L8_Store_Category,30,0.08333333333333333,0.10913519439537082,0,28,28,1.30962233274445,0.0
5,intermittent,L9_Store_Department,60,0.08333333333333333,0.108847913782166,0,28,28,1.3061749653859922,0.0
5,lumpy,L10_Item,182,0.08333333333333333,0.10686765167519538,0,28,28,1.2824118201023447,0.0
5,lumpy,L11_Item_State,197,0.08333333333333333,0.10522051967936905,0,28,28,1.2626462361524287,0.0
5,lumpy,L12_Item_Store,200,0.08333333333333333,0.10569238476471844,0,28,28,1.2683086171766214,0.0
5,lumpy,L1_Total,1,0.08333333333333333,0.09374326954138719,0,28,28,1.1249192344966463,0.0
5,lumpy,L2_State,3,0.08333333333333333,0.08720876286931362,0,28,28,1.0465051544317634,0.0
5,lumpy,L3_Store,10,0.08333333333333333,0.10126787279828887,0,28,28,1.2152144735794665,0.0
5,lumpy,L4_Category,3,0.08333333333333333,0.1018319856152569,0,28,28,1.221983827383083,0.0
5,lumpy,L5_Department,7,0.08333333333333333,0.10204038558384036,0,28,28,1.2244846270060845,0.0
5,lumpy,L6_State_Category,9,0.08333333333333333,0.09959695836676097,0,28,28,1.1951635004011316,0.0
5,lumpy,L7_State_Department,21,0.08333333333333333,0.10419012350609018,0,28,28,1.2502814820730823,0.0
5,lumpy,L8_Store_Category,30,0.08333333333333334,0.11086466371810476,0,28,28,1.330375964617257,1.3877787807814457e-17
5,lumpy,L9_Store_Department,59,0.08333333333333333,0.11310883951711512,0,28,28,1.3573060742053815,0.0
