demand_type,removed_feature_group,level,folds,mean_full_level_wrmsse,mean_ablation_level_wrmsse,mean_delta_level_wrmsse,median_delta_level_wrmsse,folds_removal_worsened_level
smooth,lag,L1_Total,5,0.4838839466971992,0.5387731857174233,0.05488923902022411,0.074045523664718,4
smooth,lag,L2_State,5,0.5399253385736081,0.5816964180438229,0.041771079470214814,0.056385740010378216,3
smooth,lag,L3_Store,5,0.6322082220701011,0.6603693187257235,0.028161096655622386,0.041072383051309336,3
smooth,lag,L4_Category,5,0.5517137118039683,0.593056274856625,0.04134256305265677,0.05954503135840128,4
smooth,lag,L5_Department,5,0.5751914545231911,0.6118061656731656,0.0366147111499745,0.047730425687663613,4
smooth,lag,L6_State_Category,5,0.6150144850302874,0.6452249844422567,0.03021049941196937,0.04672346875265454,4
smooth,lag,L7_State_Department,5,0.6354067785902127,0.6622069388654175,0.026800160275204866,0.040141392988389146,4
smooth,lag,L8_Store_Category,5,0.6780806625069723,0.6974165131504841,0.019335850643511864,0.02679642632281587,4
smooth,lag,L9_Store_Department,5,0.6939287388160315,0.7100770519215055,0.016148313105473953,0.02021149136705369,4
smooth,lag,L10_Item,5,0.7351019461696009,0.7446723988875358,0.00957045271793493,0.007620836852786694,4
smooth,lag,L11_Item_State,5,0.7450183426240586,0.7535684417783645,0.00855009915430589,0.006380116831375071,5
smooth,lag,L12_Item_Store,5,0.7463526566389026,0.7545236817917991,0.008171025152896338,0.00731091685637697,5
smooth,rolling,L1_Total,5,0.4838839466971992,0.46290272742168914,-0.020981219275509964,-0.0352884641578628,2
smooth,rolling,L2_State,5,0.5399253385736081,0.5186364638560351,-0.02128887471757296,-0.022311188367023393,2
smooth,rolling,L3_Store,5,0.6322082220701011,0.6328938499435998,0.000685627873498662,-0.0015241991462389137,2
smooth,rolling,L4_Category,5,0.5517137118039683,0.5309520171291034,-0.02076169467486494,-0.01772863828169058,1
smooth,rolling,L5_Department,5,0.5751914545231911,0.551363929625549,-0.02382752489764204,-0.03277397650174518,1
smooth,rolling,L6_State_Category,5,0.6150144850302874,0.6023375086070524,-0.012676976423235009,-0.005147993072236012,0
smooth,rolling,L7_State_Department,5,0.6354067785902127,0.6200348600910279,-0.015371918499184645,-0.018448315398287507,0
smooth,rolling,L8_Store_Category,5,0.6780806625069723,0.6855780062022472,0.00749734369527486,0.008016754266136794,3
smooth,rolling,L9_Store_Department,5,0.6939287388160315,0.7019820607198829,0.008053321903851418,0.0047718666205710525,3
smooth,rolling,L10_Item,5,0.7351019461696009,0.764027004655861,0.028925058486260168,0.024998573413953173,5
smooth,rolling,L11_Item_State,5,0.7450183426240586,0.7730061136634043,0.02798777103934571,0.030677823287605488,5
smooth,rolling,L12_Item_Store,5,0.7463526566389026,0.7746937865475167,0.02834112990861417,0.030580635285356705,5
smooth,calendar,L1_Total,5,0.4838839466971992,0.7409913061250526,0.25710735942785345,0.27033336236701705,5
smooth,calendar,L2_State,5,0.5399253385736081,0.7324691897210791,0.19254385114747102,0.1887469642194986,5
smooth,calendar,L3_Store,5,0.6322082220701011,0.7578586775930292,0.12565045552292814,0.1402666185619469,5
smooth,calendar,L4_Category,5,0.5517137118039683,0.7589623012090179,0.20724858940504953,0.2034932642433661,5
smooth,calendar,L5_Department,5,0.5751914545231911,0.7625188213558994,0.18732736683270831,0.17205959523451747,5
smooth,calendar,L6_State_Category,5,0.6150144850302874,0.7557568905094261,0.1407424054791387,0.14061043086708375,5
smooth,calendar,L7_State_Department,5,0.6354067785902127,0.7564281436364884,0.12102136504627578,0.11419121989412628,5
smooth,calendar,L8_Store_Category,5,0.6780806625069723,0.7642743704972839,0.08619370799031152,0.08849461448216667,5
smooth,calendar,L9_Store_Department,5,0.6939287388160315,0.7667347376974046,0.07280599888137315,0.07376976799707613,5
smooth,calendar,L10_Item,5,0.7351019461696009,0.7834267712244275,0.04832482505482667,0.034140629822308255,5
smooth,calendar,L11_Item_State,5,0.7450183426240586,0.7820089775628499,0.03699063493879136,0.028095291659552157,5
smooth,calendar,L12_Item_Store,5,0.7463526566389026,0.7810824971164102,0.03472984047750758,0.024235049578855472,5
smooth,event_snap,L1_Total,5,0.4838839466971992,0.5023940757524727,0.018510129055273505,-0.01056400399793156,2
smooth,event_snap,L2_State,5,0.5399253385736081,0.5437433314466432,0.003817992873035014,-0.010800364419874975,2
smooth,event_snap,L3_Store,5,0.6322082220701011,0.6372090153093446,0.005000793239243495,-0.00055360508254787,2
smooth,event_snap,L4_Category,5,0.5517137118039683,0.5654702296182531,0.013756517814284708,-0.009460110480148609,2
smooth,event_snap,L5_Department,5,0.5751914545231911,0.5830414004913191,0.007849945968128092,-0.005962442767009857,2
smooth,event_snap,L6_State_Category,5,0.6150144850302874,0.6209650772188072,0.005950592188519887,-0.00511222699667746,2
smooth,event_snap,L7_State_Department,5,0.6354067785902127,0.6351169079350234,-0.0002898706551891728,-0.004448565794201054,2
smooth,event_snap,L8_Store_Category,5,0.6780806625069723,0.6861024193149985,0.008021756808026193,0.003842655425625341,3
smooth,event_snap,L9_Store_Department,5,0.6939287388160315,0.6974647438728232,0.0035360050567917246,0.004725456016385299,3
smooth,event_snap,L10_Item,5,0.7351019461696009,0.7370398331936421,0.001937887024041185,-0.0008453747011171187,2
smooth,event_snap,L11_Item_State,5,0.7450183426240586,0.7473956300066628,0.0023772873826042318,-0.00017718387224963106,2
smooth,event_snap,L12_Item_Store,5,0.7463526566389026,0.7487892940504093,0.0024366374115066146,0.0005530136418950837,3
smooth,price,L1_Total,5,0.4838839466971992,0.44847641729495197,-0.03540752940224715,-0.012528227540094916,2
smooth,price,L2_State,5,0.5399253385736081,0.525114996865647,-0.014810341707961139,-0.006113687502864118,2
smooth,price,L3_Store,5,0.6322082220701011,0.6271993918158303,-0.005008830254270791,-0.001390318306674021,2
smooth,price,L4_Category,5,0.5517137118039683,0.5300708318885705,-0.021642879915397772,-0.00858556381955844,2
smooth,price,L5_Department,5,0.5751914545231911,0.5585162306765786,-0.016675223846612453,-0.0022620630744899506,2
smooth,price,L6_State_Category,5,0.6150144850302874,0.6059249796076235,-0.009089505422663947,0.0053116777054733055,3
smooth,price,L7_State_Department,5,0.6354067785902127,0.6291827970188726,-0.006223981571339921,0.008155152367442131,3
smooth,price,L8_Store_Category,5,0.6780806625069723,0.6782286813570776,0.00014801885010522485,0.005825847390581451,4
smooth,price,L9_Store_Department,5,0.6939287388160315,0.695534378633251,0.0016056398172193953,0.0074778316623775876,4
smooth,price,L10_Item,5,0.7351019461696009,0.7385664821746987,0.0034645360050978846,0.005180432899524301,3
smooth,price,L11_Item_State,5,0.7450183426240586,0.749164124540855,0.0041457819167964646,0.004918003426836348,4
smooth,price,L12_Item_Store,5,0.7463526566389026,0.7507666881788755,0.004414031539972774,0.0058194275905626425,4
erratic,lag,L1_Total,5,0.5550808376071213,0.5719340386791391,0.01685320107201781,0.02573960135935538,4
erratic,lag,L2_State,5,0.6406842254305806,0.6573650222626087,0.016680796832028055,0.020589316683909842,4
erratic,lag,L3_Store,5,0.7806084607779493,0.7983635933008182,0.017755132522868932,0.03367998101897063,3
erratic,lag,L4_Category,5,0.6379573118836638,0.6623754601844454,0.024418148300781574,0.03201637404322433,4
erratic,lag,L5_Department,5,0.6697866641933178,0.6893774692129582,0.019590805019640445,0.011376926288203526,4
erratic,lag,L6_State_Category,5,0.7039504425300483,0.7292574169556967,0.025306974425648332,0.029884913657261203,4
erratic,lag,L7_State_Department,5,0.8259475025815822,0.8438254227913011,0.01787792020971901,0.010042166176915224,4
erratic,lag,L8_Store_Category,5,0.8096282478769796,0.8294967184769051,0.019868470599925515,0.030439340037093587,4
erratic,lag,L9_Store_Department,5,0.931470184881228,0.9480816102770074,0.016611425395779533,0.006763146940444997,4
erratic,lag,L10_Item,5,0.9742995797761369,0.9892390970824133,0.014939517306276495,0.01305447798305781,4
erratic,lag,L11_Item_State,5,0.995245923331775,1.009734458131367,0.01448853479959189,0.015584857738902613,4
erratic,lag,L12_Item_Store,5,1.0006494237868067,1.0146269115192479,0.013977487732441363,0.015819371032644858,4
erratic,rolling,L1_Total,5,0.5550808376071213,0.5148712240028923,-0.040209613604228936,-0.08609616233473494,2
erratic,rolling,L2_State,5,0.6406842254305806,0.625991349627805,-0.014692875802775618,-0.046892117330612604,2
erratic,rolling,L3_Store,5,0.7806084607779493,0.8105726236366066,0.029964162858657373,0.057565834481070666,3
erratic,rolling,L4_Category,5,0.6379573118836638,0.608110963937597,-0.02984634794606671,-0.05859977923858817,2
erratic,rolling,L5_Department,5,0.6697866641933178,0.6448975991103406,-0.02488906508297708,-0.03770290848579605,2
erratic,rolling,L6_State_Category,5,0.7039504425300483,0.7114150594334085,0.007464616903360177,0.01874047929399536,3
erratic,rolling,L7_State_Department,5,0.8259475025815822,0.833571384983508,0.007623882401925841,0.005756760061356836,3
erratic,rolling,L8_Store_Category,5,0.8096282478769796,0.8562768455518105,0.04664859767483089,0.09159902358362781,4
erratic,rolling,L9_Store_Department,5,0.931470184881228,0.957169367148874,0.025699182267646115,0.01401903673980709,4
erratic,rolling,L10_Item,5,0.9742995797761369,1.0019726384602388,0.027673058684101904,0.029367571693024064,4
erratic,rolling,L11_Item_State,5,0.995245923331775,1.0247755313427045,0.02952960801092972,0.030125804566588088,4
erratic,rolling,L12_Item_Store,5,1.0006494237868067,1.030169030997841,0.02951960721103446,0.031029713456630637,4
erratic,calendar,L1_Total,5,0.5550808376071213,0.837595248875185,0.2825144112680636,0.3139918189488584,5
erratic,calendar,L2_State,5,0.6406842254305806,0.8144326366258706,0.17374841119528997,0.18435755632975082,5
erratic,calendar,L3_Store,5,0.7806084607779493,0.8708023125825355,0.09019385180458621,0.10067197684208773,4
erratic,calendar,L4_Category,5,0.6379573118836638,0.8575924956369148,0.219635183753251,0.2149050084992844,4
erratic,calendar,L5_Department,5,0.6697866641933178,0.8429354196057762,0.17314875541245853,0.17162062430860625,5
erratic,calendar,L6_State_Category,5,0.7039504425300483,0.8189672274140106,0.11501678488396225,0.11358400677162805,4
erratic,calendar,L7_State_Department,5,0.8259475025815822,0.9136036166147177,0.08765611403313547,0.05674689837590641,4
erratic,calendar,L8_Store_Category,5,0.8096282478769796,0.8678074744904496,0.05817922661347004,0.05683638346469,4
erratic,calendar,L9_Store_Department,5,0.931470184881228,0.9859015482775042,0.05443136339627637,0.006217051724403011,4
erratic,calendar,L10_Item,5,0.9742995797761369,1.01456365568891,0.040264075912773124,-0.0008248301521317503,2
erratic,calendar,L11_Item_State,5,0.995245923331775,1.0289354790668925,0.03368955573511758,-0.002642705579684601,2
erratic,calendar,L12_Item_Store,5,1.0006494237868067,1.0306286909914215,0.029979267204614902,-0.002606700992389799,2
erratic,event_snap,L1_Total,5,0.5550808376071213,0.5244600880955896,-0.030620749511531698,-0.019735046853405547,2
erratic,event_snap,L2_State,5,0.6406842254305806,0.6189654624059218,-0.021718763024658805,-0.012172256540649018,2
erratic,event_snap,L3_Store,5,0.7806084607779493,0.7759111528686182,-0.004697307909331006,0.0019487356085011731,3
erratic,event_snap,L4_Category,5,0.6379573118836638,0.6271964764534065,-0.010760835430257253,-0.004626309673786633,2
erratic,event_snap,L5_Department,5,0.6697866641933178,0.6589214649331941,-0.010865199260123637,-0.007570262525404159,2
erratic,event_snap,L6_State_Category,5,0.7039504425300483,0.6976068633934076,-0.00634357913664072,-0.0012577992844381436,2
erratic,event_snap,L7_State_Department,5,0.8259475025815822,0.814718269105901,-0.0112292334756813,-0.019699159369046204,1
erratic,event_snap,L8_Store_Category,5,0.8096282478769796,0.819702584426507,0.01007433654952743,0.005566444649794389,3
erratic,event_snap,L9_Store_Department,5,0.931470184881228,0.9409804356913074,0.009510250810079567,-0.001952492330616895,2
erratic,event_snap,L10_Item,5,0.9742995797761369,0.9837786266585112,0.00947904688237442,-0.006941582547115521,2
erratic,event_snap,L11_Item_State,5,0.995245923331775,1.0047272617522345,0.009481338420459529,-0.0024884420811566166,2
erratic,event_snap,L12_Item_Store,5,1.0006494237868067,1.0102895397864362,0.009640115999629616,-0.0026270151557421517,2
erratic,price,L1_Total,5,0.5550808376071213,0.575680859990174,0.020600022383052786,-0.005420067595963363,2
erratic,price,L2_State,5,0.6406842254305806,0.6516466881148864,0.010962462684305762,0.008678206065535043,3
erratic,price,L3_Store,5,0.7806084607779493,0.7465378121745614,-0.03407064860338782,-0.016889741032111938,1
erratic,price,L4_Category,5,0.6379573118836638,0.6356189357160327,-0.00233837616763114,-0.005328146476514417,2
erratic,price,L5_Department,5,0.6697866641933178,0.6767096522434489,0.006922988050131118,0.0036773840113024647,3
erratic,price,L6_State_Category,5,0.7039504425300483,0.7012820538698057,-0.0026683886602427266,0.01164582439032491,3
erratic,price,L7_State_Department,5,0.8259475025815822,0.8384974727774696,0.012549970195887283,-0.0032914094392995086,2
erratic,price,L8_Store_Category,5,0.8096282478769796,0.7711827118752723,-0.03844553600170728,-0.019448178840321795,1
erratic,price,L9_Store_Department,5,0.931470184881228,0.9500209069625158,0.018550722081288006,-0.005558922943573408,2
erratic,price,L10_Item,5,0.9742995797761369,0.9938003851194328,0.019500805343296013,-0.007815757619270114,2
erratic,price,L11_Item_State,5,0.995245923331775,1.0144956184592886,0.019249695127513643,-0.005072841976058173,2
erratic,price,L12_Item_Store,5,1.0006494237868067,1.0202001192246866,0.019550695437879816,-0.006144557191972155,2
intermittent,lag,L1_Total,5,1.803244263047921,1.600377232351746,-0.20286703069617476,-0.209267782840581,0
intermittent,lag,L2_State,5,1.516901039470526,1.3836244344795599,-0.13327660499096622,-0.1496427769691484,0
intermittent,lag,L3_Store,5,1.2290797195091554,1.1560912449638967,-0.07298847454525874,-0.08094498002454742,0
intermittent,lag,L4_Category,5,1.498689122113235,1.3595551653641413,-0.13913395674909357,-0.1482260479235713,0
intermittent,lag,L5_Department,5,1.325792885528149,1.2398941413421274,-0.08589874418602148,-0.08919266440517404,0
intermittent,lag,L6_State_Category,5,1.2756879404549093,1.187508280471937,-0.08817965998297231,-0.10323920189320535,0
intermittent,lag,L7_State_Department,5,1.1578624553726828,1.0958695693965836,-0.06199288597609907,-0.070789061455236,0
intermittent,lag,L8_Store_Category,5,1.0576193074838067,1.0173787441460536,-0.040240563337753145,-0.031004234469220737,0
intermittent,lag,L9_Store_Department,5,1.0043907347319467,0.9779282710682533,-0.026462463663693425,-0.014375513126495099,2
intermittent,lag,L10_Item,5,0.8874435461365959,0.8740513433508298,-0.013392202785766116,0.0012678986988681196,3
intermittent,lag,L11_Item_State,5,0.8855107178520285,0.8725975756226848,-0.012913142229343588,0.00221555411239005,3
intermittent,lag,L12_Item_Store,5,0.8722334675693311,0.8665054251563857,-0.005728042412945489,0.004121498989627659,3
intermittent,rolling,L1_Total,5,1.803244263047921,1.6727074494001108,-0.13053681364781014,-0.07585220525847647,2
intermittent,rolling,L2_State,5,1.516901039470526,1.4087493157161233,-0.10815172375440293,-0.03827440712828567,2
intermittent,rolling,L3_Store,5,1.2290797195091554,1.1606041462253684,-0.06847557328378691,-0.02806362654843375,1
intermittent,rolling,L4_Category,5,1.498689122113235,1.3889945918923345,-0.10969453022090032,-0.05573372301804258,2
intermittent,rolling,L5_Department,5,1.325792885528149,1.2745871478950945,-0.05120573763305447,-0.005027268376050831,2
intermittent,rolling,L6_State_Category,5,1.2756879404549093,1.2056121048122719,-0.07007583564263734,-0.00776090962021958,2
intermittent,rolling,L7_State_Department,5,1.1578624553726828,1.1241058623967208,-0.0337565929759621,-0.009286591818000733,2
intermittent,rolling,L8_Store_Category,5,1.0576193074838067,1.0313604995371022,-0.026258807946704522,-0.013219213133491836,2
intermittent,rolling,L9_Store_Department,5,1.0043907347319467,0.9901527652149664,-0.01423796951698042,-0.00561605324600456,2
intermittent,rolling,L10_Item,5,0.8874435461365959,0.8872714007880405,-0.0001721453485554525,-0.0005512247755528055,2
intermittent,rolling,L11_Item_State,5,0.8855107178520285,0.885785465246383,0.00027474739435453535,0.001295218260196851,3
intermittent,rolling,L12_Item_Store,5,0.8722334675693311,0.8795665762478645,0.007333108678533362,0.003167560390250901,3
intermittent,calendar,L1_Total,5,1.803244263047921,1.7945260811078398,-0.00871818194008105,0.2217035179019342,4
intermittent,calendar,L2_State,5,1.516901039470526,1.5176818947627735,0.0007808552922472511,0.1421434327439568,4
intermittent,calendar,L3_Store,5,1.2290797195091554,1.2357164300365395,0.006636710527384082,0.08227363216477435,4
intermittent,calendar,L4_Category,5,1.498689122113235,1.4831828778204208,-0.015506244292814109,0.14732883643604477,4
intermittent,calendar,L5_Department,5,1.325792885528149,1.321650021483452,-0.004142864044696992,0.1038118663071741,4
intermittent,calendar,L6_State_Category,5,1.2756879404549093,1.2765032219476133,0.0008152814927038898,0.09360084974269833,4
intermittent,calendar,L7_State_Department,5,1.1578624553726828,1.179463116783397,0.02160066141071426,0.08113611908242468,4
intermittent,calendar,L8_Store_Category,5,1.0576193074838067,1.0667806511623577,0.009161343678550815,0.05043410125741765,4
intermittent,calendar,L9_Store_Department,5,1.0043907347319467,1.0230189686506124,0.01862823391866566,0.04613893897185517,4
intermittent,calendar,L10_Item,5,0.8874435461365959,0.9066994482272911,0.019255902090695165,0.02183869145728745,4
intermittent,calendar,L11_Item_State,5,0.8855107178520285,0.9048749755078964,0.019364257655867977,0.021052332611697144,4
intermittent,calendar,L12_Item_Store,5,0.8722334675693311,0.8890517708613089,0.01681830329197782,0.021094380488844267,4
intermittent,event_snap,L1_Total,5,1.803244263047921,1.692278431860931,-0.11096583118698991,-0.08515866176263898,1
intermittent,event_snap,L2_State,5,1.516901039470526,1.4337001103464875,-0.08320092912403884,-0.0645901551188528,1
intermittent,event_snap,L3_Store,5,1.2290797195091554,1.1787953804716405,-0.05028433903751488,-0.0639318936349732,0
intermittent,event_snap,L4_Category,5,1.498689122113235,1.410659550345203,-0.08802957176803188,-0.06124914939455217,1
intermittent,event_snap,L5_Department,5,1.325792885528149,1.2609420617064833,-0.0648508238216657,-0.04515690707929487,0
intermittent,event_snap,L6_State_Category,5,1.2756879404549093,1.2131192627237717,-0.06256867773113776,-0.08719456647463264,1
intermittent,event_snap,L7_State_Department,5,1.1578624553726828,1.1133516924355487,-0.044510762937134116,-0.0608250045235752,1
intermittent,event_snap,L8_Store_Category,5,1.0576193074838067,1.0262027574286277,-0.03141655005517907,-0.03338730065602569,0
intermittent,event_snap,L9_Store_Department,5,1.0043907347319467,0.9804437346438538,-0.02394700008809294,-0.016674852453076205,1
intermittent,event_snap,L10_Item,5,0.8874435461365959,0.8720918923361867,-0.015351653800409194,-0.00464623544545828,1
intermittent,event_snap,L11_Item_State,5,0.8855107178520285,0.8708480605033279,-0.014662657348700536,-0.004315138320437617,1
intermittent,event_snap,L12_Item_Store,5,0.8722334675693311,0.8615075941423773,-0.010725873426953858,-0.004313095433378877,1
intermittent,price,L1_Total,5,1.803244263047921,1.9162409690526272,0.11299670600470639,0.2639531140821969,3
intermittent,price,L2_State,5,1.516901039470526,1.5788021721159144,0.06190113264538821,0.1748134206719778,3
intermittent,price,L3_Store,5,1.2290797195091554,1.2421188390877282,0.013039119578572667,-0.02517818861782728,2
intermittent,price,L4_Category,5,1.498689122113235,1.570795426331209,0.072106304217974,0.2012120720155519,3
intermittent,price,L5_Department,5,1.325792885528149,1.3730157426405576,0.04722285711240866,0.1235594732597114,3
intermittent,price,L6_State_Category,5,1.2756879404549093,1.298108177234457,0.02242023677954752,-0.0033839651758790223,2
intermittent,price,L7_State_Department,5,1.1578624553726828,1.1700229506242448,0.012160495251561865,-0.03457124850177695,2
intermittent,price,L8_Store_Category,5,1.0576193074838067,1.0589882842457192,0.0013689767619124548,-0.022334788961820062,2
intermittent,price,L9_Store_Department,5,1.0043907347319467,1.004105592075062,-0.00028514265688497355,-0.014686022888677486,2
intermittent,price,L10_Item,5,0.8874435461365959,0.8765090157366672,-0.010934530399928755,-0.007524368550262173,2
intermittent,price,L11_Item_State,5,0.8855107178520285,0.8749009758328669,-0.010609742019161539,-0.007079680318958781,2
intermittent,price,L12_Item_Store,5,0.8722334675693311,0.8707351921937653,-0.0014982753755659272,-0.007084081805142417,2
lumpy,lag,L1_Total,5,1.1860975668255214,1.1412923585497174,-0.04480520827580383,-0.013663025721475597,2
lumpy,lag,L2_State,5,1.1081804598738574,1.08824128833584,-0.019939171538017098,-0.0010891324001665037,2
lumpy,lag,L3_Store,5,1.084735085684267,1.0873670458050442,0.0026319601207773547,0.028677364891689483,4
lumpy,lag,L4_Category,5,1.2322470903106546,1.2048627576593793,-0.027384332651275288,0.006547498149895414,3
lumpy,lag,L5_Department,5,1.2245778381507377,1.2126913672738988,-0.011886470876838872,0.03516717948280501,4
lumpy,lag,L6_State_Category,5,1.1118402036216435,1.099239038690748,-0.012601164930895336,0.005902765606772276,4
lumpy,lag,L7_State_Department,5,1.1385413582451958,1.137025397525837,-0.0015159607193583557,0.042279507496006175,4
lumpy,lag,L8_Store_Category,5,1.1089210534276743,1.1083760452174232,-0.0005450082102511411,0.02410388758013282,4
lumpy,lag,L9_Store_Department,5,1.1289405974170355,1.1327918989128958,0.0038513014958606153,0.035255168615016874,4
lumpy,lag,L10_Item,5,1.0741109022453874,1.0797191399692245,0.005608237723837206,0.019084477358984886,4
lumpy,lag,L11_Item_State,5,1.0657875275901998,1.0715006328275813,0.005713105237381599,0.01962487503479382,4
lumpy,lag,L12_Item_Store,5,1.0661853561923444,1.0719518050570662,0.005766448864721529,0.02045338085965298,4
lumpy,rolling,L1_Total,5,1.1860975668255214,0.9826063722890689,-0.20349119453645242,-0.23482490573133608,1
lumpy,rolling,L2_State,5,1.1081804598738574,1.0318639567874228,-0.07631650308643449,-0.024593868830687038,2
lumpy,rolling,L3_Store,5,1.084735085684267,1.0949949038110909,0.010259818126823816,-0.010792899736913553,2
lumpy,rolling,L4_Category,5,1.2322470903106546,1.0112548347989543,-0.22099225551170032,-0.2719226802988761,1
lumpy,rolling,L5_Department,5,1.2245778381507377,1.1102849246309536,-0.11429291351978399,-0.16077017814147188,1
lumpy,rolling,L6_State_Category,5,1.1118402036216435,1.047411539753362,-0.06442866386828117,-0.08518401067493264,2
lumpy,rolling,L7_State_Department,5,1.1385413582451958,1.117322899667839,-0.021218458577356512,-0.06518344745851778,2
lumpy,rolling,L8_Store_Category,5,1.1089210534276743,1.1225202160580685,0.013599162630394134,-0.03268755552342584,2
lumpy,rolling,L9_Store_Department,5,1.1289405974170355,1.1436132990331256,0.014672701616090378,-0.017361134586018956,2
lumpy,rolling,L10_Item,5,1.0741109022453874,1.1043841011522666,0.030273198906879184,0.025330946756220385,3
lumpy,rolling,L11_Item_State,5,1.0657875275901998,1.097331614229439,0.031544086639239355,0.027870238995597596,3
lumpy,rolling,L12_Item_Store,5,1.0661853561923444,1.097352927446185,0.031167571253840443,0.02660618429335404,3
lumpy,calendar,L1_Total,5,1.1860975668255214,1.3465358776979908,0.16043831087246957,0.3235109683247044,4
lumpy,calendar,L2_State,5,1.1081804598738574,1.17830942945875,0.07012896958489259,0.19245781311943055,4
lumpy,calendar,L3_Store,5,1.084735085684267,1.1008280763975777,0.01609299071331085,0.06531932738852009,4
lumpy,calendar,L4_Category,5,1.2322470903106546,1.3632140457189097,0.13096695540825515,0.18542580024943267,4
lumpy,calendar,L5_Department,5,1.2245778381507377,1.2804221270551326,0.05584428890439488,0.13651024230650965,4
lumpy,calendar,L6_State_Category,5,1.1118402036216435,1.1822113898465467,0.07037118622490335,0.10866803526679725,4
lumpy,calendar,L7_State_Department,5,1.1385413582451958,1.1703307581676945,0.03178939992249898,0.08243318544611888,4
lumpy,calendar,L8_Store_Category,5,1.1089210534276743,1.125966041595553,0.017044988167878604,0.03810824687813419,4
lumpy,calendar,L9_Store_Department,5,1.1289405974170355,1.127240799704271,-0.001699797712764206,0.023501447248760465,4
lumpy,calendar,L10_Item,5,1.0741109022453874,1.0706320301092913,-0.0034788721360961006,0.016637491919107905,3
lumpy,calendar,L11_Item_State,5,1.0657875275901998,1.0619235075505116,-0.0038640200396882207,0.01671249095167049,3
lumpy,calendar,L12_Item_Store,5,1.0661853561923444,1.0624220390770869,-0.0037633171152575695,0.016402550744419875,3
lumpy,event_snap,L1_Total,5,1.1860975668255214,1.267526843074703,0.0814292762491818,0.016933228572333592,3
lumpy,event_snap,L2_State,5,1.1081804598738574,1.1649787768588309,0.0567983169849736,0.007104472695567798,3
lumpy,event_snap,L3_Store,5,1.084735085684267,1.1640898387734981,0.07935475308923128,0.04843547989341124,5
lumpy,event_snap,L4_Category,5,1.2322470903106546,1.329612239793833,0.09736514948317847,0.08229626348373009,3
lumpy,event_snap,L5_Department,5,1.2245778381507377,1.3238648386732939,0.09928700052255615,0.10903892087929701,4
lumpy,event_snap,L6_State_Category,5,1.1118402036216435,1.1833684380636158,0.07152823444197247,0.054480394866560866,4
lumpy,event_snap,L7_State_Department,5,1.1385413582451958,1.2261087217466242,0.08756736350142862,0.08362906696482608,5
lumpy,event_snap,L8_Store_Category,5,1.1089210534276743,1.1909994247007734,0.08207837127309911,0.07314683728389304,4
lumpy,event_snap,L9_Store_Department,5,1.1289405974170355,1.213479468289508,0.08453887087247265,0.08738322535617726,4
lumpy,event_snap,L10_Item,5,1.0741109022453874,1.1310867626625467,0.056975860417159165,0.06091359759792048,5
lumpy,event_snap,L11_Item_State,5,1.0657875275901998,1.12255471424495,0.05676718665475011,0.060282075819361625,5
lumpy,event_snap,L12_Item_Store,5,1.0661853561923444,1.1232609585765692,0.05707560238422467,0.059624204028975614,5
lumpy,price,L1_Total,5,1.1860975668255214,1.3883837842711495,0.2022862174456282,0.2822568628032057,4
lumpy,price,L2_State,5,1.1081804598738574,1.2307716983359005,0.12259123846204323,0.1318306406574311,4
lumpy,price,L3_Store,5,1.084735085684267,1.1706925932507972,0.08595750756653042,0.06946484975365863,5
lumpy,price,L4_Category,5,1.2322470903106546,1.3663015684207818,0.13405447811012708,0.18511359818397743,4
lumpy,price,L5_Department,5,1.2245778381507377,1.343990974452892,0.11941313630215426,0.13581708466720444,5
lumpy,price,L6_State_Category,5,1.1118402036216435,1.2032974422149771,0.09145723859333395,0.11096514346701225,4
lumpy,price,L7_State_Department,5,1.1385413582451958,1.226343856072553,0.08780249782735752,0.08070431895573438,5
lumpy,price,L8_Store_Category,5,1.1089210534276743,1.1793899364911784,0.07046888306350411,0.0646027831130983,5
lumpy,price,L9_Store_Department,5,1.1289405974170355,1.199198436413982,0.07025783899694685,0.058328860450423514,5
lumpy,price,L10_Item,5,1.0741109022453874,1.1262084489477564,0.05209754670236899,0.048184061330369454,5
lumpy,price,L11_Item_State,5,1.0657875275901998,1.1172734597721647,0.051485932181964914,0.047543182965218866,5
lumpy,price,L12_Item_Store,5,1.0661853561923444,1.1182218540451334,0.052036497852788965,0.04774294111537536,5
