fold,demand_type,ablation_name,removed_feature_group,removed_features,removed_feature_count,retained_feature_count,training_rows,selected_rounds,train_end,test_start,test_end,full_xgb_wrmsse,ablation_wrmsse,delta_wrmsse,wrmsse_change_percentage,full_xgb_mae,ablation_mae,delta_mae,mae_change_percentage,full_xgb_rmse,ablation_rmse,delta_rmse,rmse_change_percentage,feature_group_useful_wrmsse,feature_group_harmful_wrmsse,hierarchy_levels_worsened,prediction_rows,series_count,horizon_count,training_seconds,prediction_seconds
1,erratic,without_calendar,calendar,"is_weekend, weekday, month, year",4,14,349000,970,2016-01-03,2016-01-04,2016-01-31,1.053686498862462,1.0536504326827274,-3.606617973450632e-05,-0.003422856776986572,3.63983000502574,3.8234316280657654,0.18360162304002525,5.044236208463446,6.2760180595825465,6.224804278446194,-0.051213781136352665,-0.8160234825672121,False,True,3,5600,200,28,10.28740860009566,0.2603973001241684
1,erratic,without_event_snap,event_snap,"event_flag, event_type_encoded, snap_flag",3,15,349000,970,2016-01-03,2016-01-04,2016-01-31,1.053686498862462,1.0048895879374278,-0.04879691092503413,-4.6310654049106885,3.63983000502574,3.716161781748824,0.07633177672308378,2.0971247727967444,6.2760180595825465,6.292936251007699,0.016918191425152607,0.26956887734446594,False,True,1,5600,200,28,10.998599199810997,0.23420199984684587
1,erratic,without_lag,lag,"lag_7, lag_14, lag_28, lag_56",4,14,349000,970,2016-01-03,2016-01-04,2016-01-31,1.053686498862462,1.109220383166281,0.055533884303819114,5.270437114243406,3.63983000502574,3.6954172840595803,0.05558727903384009,1.527194373283567,6.2760180595825465,6.369122242634912,0.09310418305236556,1.4834913183560605,True,False,12,5600,200,28,14.910822300007567,0.5145634999498725
1,erratic,without_price,price,"sell_price, price_change, price_vs_28d_avg",3,15,349000,970,2016-01-03,2016-01-04,2016-01-31,1.053686498862462,1.064753793439565,0.011067294577103093,1.050340361108462,3.63983000502574,3.635345592973929,-0.004484412051811049,-0.12320388714910152,6.2760180595825465,6.287257516605981,0.011239457023434873,0.17908579798099677,True,False,5,5600,200,28,10.963533200090751,0.28088360000401735
1,erratic,without_rolling,rolling,"rolling_mean_7, rolling_std_7, rolling_mean_28, rolling_std_28",4,14,349000,970,2016-01-03,2016-01-04,2016-01-31,1.053686498862462,1.15026563184342,0.096579132980958,9.165831875536302,3.63983000502574,3.694703095704317,0.05487309067857682,1.507572897712534,6.2760180595825465,6.53183797848108,0.25581991889853306,4.076150139624504,True,False,12,5600,200,28,13.793076200177893,0.5074166001286358
1,intermittent,without_calendar,calendar,"is_weekend, weekday, month, year",4,14,349000,1250,2016-01-03,2016-01-04,2016-01-31,1.3511163744898909,0.9541505350253079,-0.39696583946458297,-29.380580900328145,0.5731240702127075,0.6210791967667721,0.04795512655406464,8.367320279580428,1.1510511400894312,1.0882585807225644,-0.06279255936686678,-5.4552362775113625,False,True,0,5600,200,28,16.020743400091305,0.31010200013406575
1,intermittent,without_event_snap,event_snap,"event_flag, event_type_encoded, snap_flag",3,15,349000,1250,2016-01-03,2016-01-04,2016-01-31,1.3511163744898909,1.2683585807382285,-0.08275779375166237,-6.12514179490329,0.5731240702127075,0.5605814566756677,-0.012542613537039782,-2.18846392760729,1.1510511400894312,1.1156856886801585,-0.03536545140927272,-3.0724483194139394,False,True,0,5600,200,28,15.637854000087827,0.3005459001287818
1,intermittent,without_lag,lag,"lag_7, lag_14, lag_28, lag_56",4,14,349000,1250,2016-01-03,2016-01-04,2016-01-31,1.3511163744898909,1.265086434412411,-0.08602994007747977,-6.367322734132362,0.5731240702127075,0.5678172346736882,-0.005306835539019339,-0.925948815419631,1.1510511400894312,1.1204960948534675,-0.03055504523596375,-2.65453411857876,False,True,0,5600,200,28,14.128686799900606,0.31769599998369813
1,intermittent,without_price,price,"sell_price, price_change, price_vs_28d_avg",3,15,349000,1250,2016-01-03,2016-01-04,2016-01-31,1.3511163744898909,1.4676160979006263,0.11649972341073545,8.622478833825067,0.5731240702127075,0.573975107330574,0.0008510371178664933,0.14849090486648764,1.1510511400894312,1.1882576173883828,0.037206477298951546,3.232391333721348,True,False,12,5600,200,28,11.929949699901044,0.2675505999941379
1,intermittent,without_rolling,rolling,"rolling_mean_7, rolling_std_7, rolling_mean_28, rolling_std_28",4,14,349000,1250,2016-01-03,2016-01-04,2016-01-31,1.3511163744898909,1.0761526435044166,-0.2749637309854742,-20.350854758109627,0.5731240702127075,0.612467115566729,0.039343045354021444,6.864664633509422,1.1510511400894312,1.1080781926440897,-0.042972947445341525,-3.7333656124090826,False,True,0,5600,200,28,15.49968590005301,0.28932939982041717
1,lumpy,without_calendar,calendar,"is_weekend, weekday, month, year",4,14,349000,840,2016-01-03,2016-01-04,2016-01-31,1.5328833825829775,1.3028128723707662,-0.23007051021221137,-15.00900282606836,1.470910811946534,1.4671804527465948,-0.0037303591999391372,-0.2536087959678912,3.022549206380416,2.851627152496212,-0.17092205388420423,-5.654897313942755,False,True,0,5600,200,28,8.628132399870083,0.3344834998715669
1,lumpy,without_event_snap,event_snap,"event_flag, event_type_encoded, snap_flag",3,15,349000,840,2016-01-03,2016-01-04,2016-01-31,1.5328833825829775,1.5364487777029798,0.0035653951200023126,0.23259402251425426,1.470910811946534,1.4478687411104745,-0.02304207083605947,-1.566517197977944,3.022549206380416,2.979871347554663,-0.042677858825753034,-1.4119822676720264,True,False,6,5600,200,28,10.200623500160873,0.2827904000878334
1,lumpy,without_lag,lag,"lag_7, lag_14, lag_28, lag_56",4,14,349000,840,2016-01-03,2016-01-04,2016-01-31,1.5328833825829775,1.333327320878584,-0.19955606170439344,-13.018345946717258,1.470910811946534,1.4503777823742068,-0.020533029572327166,-1.3959398085567625,3.022549206380416,2.9142845336986927,-0.10826467268172335,-3.5818994262585786,False,True,0,5600,200,28,9.047878900077194,0.28528840001672506
1,lumpy,without_price,price,"sell_price, price_change, price_vs_28d_avg",3,15,349000,840,2016-01-03,2016-01-04,2016-01-31,1.5328833825829775,1.5581360995126436,0.02525271692966613,1.6473997445985857,1.470910811946534,1.478667475728015,0.007756663781480988,0.527337464547982,3.022549206380416,3.050060586088765,0.027511379708348827,0.910204527035457,True,False,12,5600,200,28,8.550205099862069,0.3131055000703782
1,lumpy,without_rolling,rolling,"rolling_mean_7, rolling_std_7, rolling_mean_28, rolling_std_28",4,14,349000,840,2016-01-03,2016-01-04,2016-01-31,1.5328833825829775,1.346796098928915,-0.18608728365406257,-12.139689539885097,1.470910811946534,1.5120437113528273,0.04113289940629339,2.7964237581379967,3.022549206380416,2.9939190588910694,-0.02863014748934667,-0.947218573941168,False,True,3,5600,200,28,9.680803399998695,0.26243939995765686
1,smooth,without_calendar,calendar,"is_weekend, weekday, month, year",4,14,349000,560,2016-01-03,2016-01-04,2016-01-31,0.7501394719981866,0.8740153745763393,0.12387590257815262,16.51371607578225,2.6929001325801747,2.947368733812733,0.2544686012325581,9.449611523051232,4.8039447513071085,5.1661318397475355,0.362187088440427,7.539368314797527,True,False,12,5600,200,28,6.056624799966812,0.2976889000274241
1,smooth,without_event_snap,event_snap,"event_flag, event_type_encoded, snap_flag",3,15,349000,560,2016-01-03,2016-01-04,2016-01-31,0.7501394719981866,0.7075284345514219,-0.042611037446764755,-5.680415314402727,2.6929001325801747,2.6844138680503655,-0.008486264529809162,-0.31513476594017376,4.8039447513071085,4.788625920053602,-0.015318831253506637,-0.3188802545936551,False,True,1,5600,200,28,5.831090499879792,0.23052929993718863
1,smooth,without_lag,lag,"lag_7, lag_14, lag_28, lag_56",4,14,349000,560,2016-01-03,2016-01-04,2016-01-31,0.7501394719981866,0.7136782990542658,-0.03646117294392082,-4.8605858383637965,2.6929001325801747,2.6964477758459187,0.0035476432657439716,0.1317406175900342,4.8039447513071085,4.742405032042777,-0.06153971926433144,-1.2810247088621711,False,True,2,5600,200,28,5.676080700010061,0.22803719993680716
1,smooth,without_price,price,"sell_price, price_change, price_vs_28d_avg",3,15,349000,560,2016-01-03,2016-01-04,2016-01-31,0.7501394719981866,0.6938012744199342,-0.056338197578252425,-7.510363029981791,2.6929001325801747,2.736841712361946,0.04394157978177127,1.6317567536256568,4.8039447513071085,4.903982858236967,0.10003810692985837,2.0824158500706935,False,True,2,5600,200,28,5.070202700095251,0.24169819988310337
1,smooth,without_rolling,rolling,"rolling_mean_7, rolling_std_7, rolling_mean_28, rolling_std_28",4,14,349000,560,2016-01-03,2016-01-04,2016-01-31,0.7501394719981866,0.7417095229322177,-0.008429949065968945,-1.1237842268869864,2.6929001325801747,2.758652697290693,0.06575256471051816,2.441700823398824,4.8039447513071085,4.757173807268599,-0.04677094403850912,-0.9735945448952797,False,True,4,5600,200,28,8.289199100108817,0.23476030002348125
2,erratic,without_calendar,calendar,"is_weekend, weekday, month, year",4,14,354600,175,2016-01-31,2016-02-01,2016-02-28,0.8291958060842349,1.1177125652023188,0.28851675911808383,34.79476825631394,3.695783122062151,3.7860262098855206,0.09024308782336954,2.4417852683145607,5.842284595627961,6.117489067073321,0.27520447144535964,4.7105625708700885,True,False,12,5600,200,28,1.8775549000129104,0.2156896002124995
2,erratic,without_event_snap,event_snap,"event_flag, event_type_encoded, snap_flag",3,15,354600,175,2016-01-31,2016-02-01,2016-02-28,0.8291958060842349,0.8821077814890792,0.05291197540484427,6.381119515632131,3.695783122062151,3.701407160942576,0.005624038880424731,0.15217448358513697,5.842284595627961,5.945591371518931,0.10330677589096915,1.7682599024408732,True,False,12,5600,200,28,1.9159546000882983,0.22068240004591644
2,erratic,without_lag,lag,"lag_7, lag_14, lag_28, lag_56",4,14,354600,175,2016-01-31,2016-02-01,2016-02-28,0.8291958060842349,0.8267916523851698,-0.0024041536990651036,-0.2899379955162092,3.695783122062151,3.7386609771421977,0.0428778550800466,1.160183205126005,5.842284595627961,5.92716124560711,0.08487664997914823,1.4527989622872046,False,True,5,5600,200,28,1.8369208998046815,0.22706900001503527
2,erratic,without_price,price,"sell_price, price_change, price_vs_28d_avg",3,15,354600,175,2016-01-31,2016-02-01,2016-02-28,0.8291958060842349,0.8314807128102295,0.0022849067259945732,0.2755569564183804,3.695783122062151,3.687502893395722,-0.008280228666428968,-0.22404530766428782,5.842284595627961,5.943919002757282,0.10163440712932026,1.7396346491812085,True,False,5,5600,200,28,1.6980715999379754,0.23323519993573427
2,erratic,without_rolling,rolling,"rolling_mean_7, rolling_std_7, rolling_mean_28, rolling_std_28",4,14,354600,175,2016-01-31,2016-02-01,2016-02-28,0.8291958060842349,0.8093524687620653,-0.019843337322169585,-2.393082210084619,3.695783122062151,3.8370101773525986,0.14122705529044755,3.821302566359644,5.842284595627961,6.005134604353275,0.16285000872531352,2.7874371071751853,False,True,4,5600,200,28,2.094713000115007,0.2387808000203222
2,intermittent,without_calendar,calendar,"is_weekend, weekday, month, year",4,14,354600,160,2016-01-31,2016-02-01,2016-02-28,1.0218956972939486,1.103926604842888,0.08203090754893938,8.027326836404436,0.640637954418032,0.6513770123846396,0.010739057966607679,1.6763068582727432,1.141953024173127,1.1675832216668272,0.025630197493700102,2.2444178482962194,True,False,12,5600,200,28,1.5020399999339134,0.20836959988810122
2,intermittent,without_event_snap,event_snap,"event_flag, event_type_encoded, snap_flag",3,15,354600,160,2016-01-31,2016-02-01,2016-02-28,1.0218956972939486,0.9895682220758318,-0.03232747521811674,-3.163480901595159,0.640637954418032,0.6410048325462933,0.0003668781282613054,0.05726762295789744,1.141953024173127,1.1367242914685602,-0.0052287327045668075,-0.4578763393838256,False,True,0,5600,200,28,1.5225500001106411,0.22313539986498654
2,intermittent,without_lag,lag,"lag_7, lag_14, lag_28, lag_56",4,14,354600,160,2016-01-31,2016-02-01,2016-02-28,1.0218956972939486,1.0128516436207202,-0.009044053673228358,-0.8850270822333087,0.640637954418032,0.6449409849160916,0.00430303049805969,0.6716789831736784,1.141953024173127,1.1481613641321378,0.006208339959010711,0.5436598378034059,False,True,4,5600,200,28,1.6005681999959052,0.2661988001782447
2,intermittent,without_price,price,"sell_price, price_change, price_vs_28d_avg",3,15,354600,160,2016-01-31,2016-02-01,2016-02-28,1.0218956972939486,0.9663673454660229,-0.055528351827925704,-5.433857092751117,0.640637954418032,0.6407677929421646,0.00012983852413261943,0.020267067106657342,1.141953024173127,1.1333329794596476,-0.008620044713479436,-0.7548510780223289,False,True,0,5600,200,28,1.9675648000556976,0.33114699996076524
2,intermittent,without_rolling,rolling,"rolling_mean_7, rolling_std_7, rolling_mean_28, rolling_std_28",4,14,354600,160,2016-01-31,2016-02-01,2016-02-28,1.0218956972939486,1.0253281758703046,0.0034324785763559795,0.3358932409095589,0.640637954418032,0.7008126105634229,0.06017465614539097,9.392927117478516,1.141953024173127,1.2015490423466244,0.059596018173497356,5.218780187271717,True,False,7,5600,200,28,1.6153312001843005,0.22080050013028085
2,lumpy,without_calendar,calendar,"is_weekend, weekday, month, year",4,14,354600,170,2016-01-31,2016-02-01,2016-02-28,1.2107046161664914,1.2763992590989677,0.06569464293247629,5.426149537654213,1.5325608317420951,1.5490407548084788,0.016479923066383684,1.075319342962106,2.778610198394265,2.8172906766463623,0.038680478252097306,1.3920800504673316,True,False,12,5600,200,28,2.0134586999192834,0.2113125000614673
2,lumpy,without_event_snap,event_snap,"event_flag, event_type_encoded, snap_flag",3,15,354600,170,2016-01-31,2016-02-01,2016-02-28,1.2107046161664914,1.2726435967866623,0.06193898062017089,5.115944863272355,1.5325608317420951,1.5514812773239932,0.018920445581898093,1.23456408320124,2.778610198394265,2.83825827578781,0.05964807739354505,2.146687485276458,True,False,12,5600,200,28,2.2486471999436617,0.2982173999771476
2,lumpy,without_lag,lag,"lag_7, lag_14, lag_28, lag_56",4,14,354600,170,2016-01-31,2016-02-01,2016-02-28,1.2107046161664914,1.2270046403438242,0.016300024177332784,1.3463254339398065,1.5325608317420951,1.5477103473129683,0.015149515570873184,0.9885099016691169,2.778610198394265,2.8011259554866617,0.022515757092396615,0.810324424253833,True,False,10,5600,200,28,1.9720338999759406,0.2834408001508564
2,lumpy,without_price,price,"sell_price, price_change, price_vs_28d_avg",3,15,354600,170,2016-01-31,2016-02-01,2016-02-28,1.2107046161664914,1.2239908174375764,0.01328620127108504,1.097394120223456,1.5325608317420951,1.5465182456272721,0.013957413885177017,0.9107249510814733,2.778610198394265,2.8156038920021875,0.036993693607922484,1.3313739951469559,True,False,8,5600,200,28,2.0963490998838097,0.2709083999507129
2,lumpy,without_rolling,rolling,"rolling_mean_7, rolling_std_7, rolling_mean_28, rolling_std_28",4,14,354600,170,2016-01-31,2016-02-01,2016-02-28,1.2107046161664914,1.1338399049342762,-0.07686471123221517,-6.348758417688649,1.5325608317420951,1.581772243364581,0.04921141162248599,3.2110576365537353,2.778610198394265,2.8234483695073194,0.044838171113054326,1.613690583118349,False,True,3,5600,200,28,2.569332100218162,0.27274119993671775
2,smooth,without_calendar,calendar,"is_weekend, weekday, month, year",4,14,354600,310,2016-01-31,2016-02-01,2016-02-28,0.6419646042932107,0.7951044128999853,0.15313980860677467,23.854867944842276,2.6420660869959725,2.7370170311515434,0.09495094415557093,3.5938141223231135,4.25606273011774,4.400890075732153,0.1448273456144138,3.4028480029101282,True,False,12,5600,200,28,3.2493441998958588,0.20862069982104003
2,smooth,without_event_snap,event_snap,"event_flag, event_type_encoded, snap_flag",3,15,354600,310,2016-01-31,2016-02-01,2016-02-28,0.6419646042932107,0.6780776081673413,0.036113003874130634,5.625388632429397,2.6420660869959725,2.6358789084393566,-0.00618717855661588,-0.2341795531560945,4.25606273011774,4.275163442396969,0.01910071227922927,0.4487883165834088,True,False,12,5600,200,28,3.1792999000754207,0.2240144000388682
2,smooth,without_lag,lag,"lag_7, lag_14, lag_28, lag_56",4,14,354600,310,2016-01-31,2016-02-01,2016-02-28,0.6419646042932107,0.6846043873430419,0.04263978304983118,6.642076956373113,2.6420660869959725,2.7113711325938596,0.0693050455978872,2.6231382303039585,4.25606273011774,4.439371179430234,0.18330844931249413,4.30699594757672,True,False,12,5600,200,28,3.243668100098148,0.23494409979321063
2,smooth,without_price,price,"sell_price, price_change, price_vs_28d_avg",3,15,354600,310,2016-01-31,2016-02-01,2016-02-28,0.6419646042932107,0.6391293101191002,-0.0028352941741104365,-0.44165895676320577,2.6420660869959725,2.682640191446491,0.040574104450518345,1.5356960467499539,4.25606273011774,4.339779485612747,0.08371675549500779,1.9670000374428658,False,True,7,5600,200,28,3.4217391998972744,0.2748797000385821
2,smooth,without_rolling,rolling,"rolling_mean_7, rolling_std_7, rolling_mean_28, rolling_std_28",4,14,354600,310,2016-01-31,2016-02-01,2016-02-28,0.6419646042932107,0.6490193140806116,0.00705470978740097,1.0989250404495519,2.6420660869959725,2.775639712688114,0.13357362569214137,5.055650437722945,4.25606273011774,4.42265407080449,0.1665913406867503,3.9142125304657274,True,False,7,5600,200,28,3.603554599918425,0.23883240018039942
3,erratic,without_calendar,calendar,"is_weekend, weekday, month, year",4,14,360200,440,2016-02-28,2016-02-29,2016-03-27,0.7195213314918285,0.7459423505971068,0.026421019105278276,3.6720272143284385,3.59520346833842,3.55979049621416,-0.0354129721242602,-0.9850060625533069,5.562652483634007,5.5216850398505715,-0.040967443783435975,-0.7364731826042904,True,False,9,5600,200,28,4.3893427001312375,0.2120878000278026
3,erratic,without_event_snap,event_snap,"event_flag, event_type_encoded, snap_flag",3,15,360200,440,2016-02-28,2016-02-29,2016-03-27,0.7195213314918285,0.7103871729370197,-0.009134158554808813,-1.2694771030443797,3.59520346833842,3.547639037599521,-0.047564430738899155,-1.3229969084581965,5.562652483634007,5.5334552314966094,-0.02919725213739799,-0.5248800320224896,False,True,1,5600,200,28,4.48013100004755,0.22247430006973445
3,erratic,without_lag,lag,"lag_7, lag_14, lag_28, lag_56",4,14,360200,440,2016-02-28,2016-02-29,2016-03-27,0.7195213314918285,0.7095030045872335,-0.010018326904595032,-1.3923599573932588,3.59520346833842,3.6082190724648537,0.013015604126433544,0.3620269128314151,5.562652483634007,5.65314459946813,0.09049211583412298,1.6267799597469312,False,True,6,5600,200,28,4.546017599990591,0.22074020002037287
3,erratic,without_price,price,"sell_price, price_change, price_vs_28d_avg",3,15,360200,440,2016-02-28,2016-02-29,2016-03-27,0.7195213314918285,0.7507228525347541,0.031201521042925617,4.33642752164603,3.59520346833842,3.591290061355602,-0.00391340698281839,-0.10885077902494995,5.562652483634007,5.626399697887081,0.06374721425307328,1.1459859202174727,True,False,12,5600,200,28,3.7599830999970436,0.22610220010392368
3,erratic,without_rolling,rolling,"rolling_mean_7, rolling_std_7, rolling_mean_28, rolling_std_28",4,14,360200,440,2016-02-28,2016-02-29,2016-03-27,0.7195213314918285,0.7132530185536577,-0.006268312938170761,-0.8711781935879894,3.59520346833842,3.6876160578961885,0.09241258955776832,2.570441155044787,5.562652483634007,5.779280766026917,0.21662828239291,3.8943342772221787,False,True,8,5600,200,28,4.776129100006074,0.22732309997081757
3,intermittent,without_calendar,calendar,"is_weekend, weekday, month, year",4,14,360200,850,2016-02-28,2016-02-29,2016-03-27,1.4719849620735102,1.573331746603213,0.10134678452970292,6.885042112586589,0.985054651912547,0.9918757751684867,0.006821123255939643,0.6924614022882886,3.6384348279935055,3.652715229203552,0.014280401210046367,0.39248748116017806,True,False,12,5600,200,28,7.8635863999370486,0.23931479989551008
3,intermittent,without_event_snap,event_snap,"event_flag, event_type_encoded, snap_flag",3,15,360200,850,2016-02-28,2016-02-29,2016-03-27,1.4719849620735102,1.4742137741997634,0.0022288121262532545,0.15141541412988627,0.985054651912547,0.9900865844379613,0.005031932525414229,0.5108277510942574,3.6384348279935055,3.6370889900443517,-0.001345837949153772,-0.03698947522157388,True,False,9,5600,200,28,8.099204699974507,0.24546119989827275
3,intermittent,without_lag,lag,"lag_7, lag_14, lag_28, lag_56",4,14,360200,850,2016-02-28,2016-02-29,2016-03-27,1.4719849620735102,1.4027818514496677,-0.06920311062384243,-4.701346304948628,0.985054651912547,0.9979202925062327,0.012865640593685668,1.3060839384602874,3.6384348279935055,3.6494448319491153,0.011010003955609804,0.3026027529997428,False,True,4,5600,200,28,8.844562400132418,0.2585601999890059
3,intermittent,without_price,price,"sell_price, price_change, price_vs_28d_avg",3,15,360200,850,2016-02-28,2016-02-29,2016-03-27,1.4719849620735102,1.5991521133325013,0.12716715125899114,8.639161033266078,0.985054651912547,0.9927553867174986,0.007700734804951592,0.7817571126637612,3.6384348279935055,3.6615108602045017,0.02307603221099619,0.634229642742343,True,False,12,5600,200,28,8.949823400005698,0.27187810000032187
3,intermittent,without_rolling,rolling,"rolling_mean_7, rolling_std_7, rolling_mean_28, rolling_std_28",4,14,360200,850,2016-02-28,2016-02-29,2016-03-27,1.4719849620735102,1.496742906321419,0.024757944247908892,1.6819427430178118,0.985054651912547,1.0049728289232422,0.019918177010695204,2.0220377592271435,3.6384348279935055,3.6277714216957095,-0.010663406297795941,-0.29307674321258925,True,False,12,5600,200,28,9.310346000129357,0.28262059995904565
3,lumpy,without_calendar,calendar,"is_weekend, weekday, month, year",4,14,360200,390,2016-02-28,2016-02-29,2016-03-27,0.9095788029337192,1.069363067793945,0.1597842648602258,17.56684130554318,1.387373863011765,1.3690507008618027,-0.018323162149962213,-1.3207083280483303,2.334650063047163,2.367857579169215,0.033207516122052194,1.422376597146643,True,False,12,5600,200,28,4.186107499990612,0.27331540011800826
3,lumpy,without_event_snap,event_snap,"event_flag, event_type_encoded, snap_flag",3,15,360200,390,2016-02-28,2016-02-29,2016-03-27,0.9095788029337192,1.05148481961056,0.14190601667684077,15.601288884387232,1.387373863011765,1.40003455371097,0.012660690699205057,0.9125651734364334,2.334650063047163,2.415356553953605,0.08070649090644189,3.4568988382397894,True,False,12,5600,200,28,4.414418699918315,0.25317260017618537
3,lumpy,without_lag,lag,"lag_7, lag_14, lag_28, lag_56",4,14,360200,390,2016-02-28,2016-02-29,2016-03-27,0.9095788029337192,0.9302706667182747,0.020691863784555564,2.274884124148106,1.387373863011765,1.394813046811448,0.007439183799683002,0.5362061372219983,2.334650063047163,2.3646127056305843,0.029962642583421406,1.283389020807446,True,False,9,5600,200,28,5.227212799945846,0.314499800093472
3,lumpy,without_price,price,"sell_price, price_change, price_vs_28d_avg",3,15,360200,390,2016-02-28,2016-02-29,2016-03-27,0.9095788029337192,1.037551319353519,0.1279725164197999,14.069425981239059,1.387373863011765,1.356110464950824,-0.03126339806094092,-2.2534227358927694,2.334650063047163,2.3569142937803353,0.022264230733172408,0.9536431641542606,True,False,12,5600,200,28,4.085175500018522,0.25467749987728894
3,lumpy,without_rolling,rolling,"rolling_mean_7, rolling_std_7, rolling_mean_28, rolling_std_28",4,14,360200,390,2016-02-28,2016-02-29,2016-03-27,0.9095788029337192,0.9995581674898393,0.0899793645561201,9.89242100474464,1.387373863011765,1.4875465026271661,0.10017263961540124,7.220306096724541,2.334650063047163,2.439072948161572,0.10442288511440889,4.472742479364001,True,False,10,5600,200,28,4.5019789999350905,0.29934999998658895
3,smooth,without_calendar,calendar,"is_weekend, weekday, month, year",4,14,360200,400,2016-02-28,2016-02-29,2016-03-27,0.6185225190336855,0.7110918125033132,0.09256929346962772,14.966196156325601,2.5240623922031955,2.6023370908783443,0.0782746986751488,3.101139611958032,3.910346999839852,4.013112648815457,0.10276564897560503,2.6280442369900623,True,False,12,5600,200,28,5.620950700016692,0.2945940000936389
3,smooth,without_event_snap,event_snap,"event_flag, event_type_encoded, snap_flag",3,15,360200,400,2016-02-28,2016-02-29,2016-03-27,0.6185225190336855,0.6148650616038904,-0.0036574574297950635,-0.5913216281129247,2.5240623922031955,2.516241858393987,-0.007820533809208552,-0.3098391637768585,3.910346999839852,3.900450149266553,-0.00989685057329881,-0.25309392168275946,False,True,2,5600,200,28,5.2156655001454055,0.2524565998464823
3,smooth,without_lag,lag,"lag_7, lag_14, lag_28, lag_56",4,14,360200,400,2016-02-28,2016-02-29,2016-03-27,0.6185225190336855,0.6585877523904424,0.040065233356756935,6.477570682365881,2.5240623922031955,2.5444325031484603,0.020370110945264752,0.8070367439484789,3.910346999839852,3.979813293941306,0.0694662941014541,1.77647390638987,True,False,12,5600,200,28,4.967728599905968,0.3245367999188602
3,smooth,without_price,price,"sell_price, price_change, price_vs_28d_avg",3,15,360200,400,2016-02-28,2016-02-29,2016-03-27,0.6185225190336855,0.6318072150294773,0.013284695995791851,2.147811209290563,2.5240623922031955,2.523883694319759,-0.00017869788343638504,-0.007079772829244677,3.910346999839852,3.9194493570893965,0.009102357249544557,0.23277620246789718,True,False,12,5600,200,28,4.270675100153312,0.235551199875772
3,smooth,without_rolling,rolling,"rolling_mean_7, rolling_std_7, rolling_mean_28, rolling_std_28",4,14,360200,400,2016-02-28,2016-02-29,2016-03-27,0.6185225190336855,0.6211951322418868,0.0026726132082013354,0.4320963466902943,2.5240623922031955,2.6644929942442106,0.1404306020410151,5.563673959677221,3.910346999839852,4.114542810550653,0.2041958107108015,5.221935821019576,True,False,6,5600,200,28,4.25718059996143,0.22770659998059273
4,erratic,without_calendar,calendar,"is_weekend, weekday, month, year",4,14,365800,150,2016-03-27,2016-03-28,2016-04-24,0.6447701367353782,0.7631939096366693,0.11842377290129114,18.366820383601876,3.4879937971622814,3.4995628354778248,0.011569038315543345,0.33168173420937674,5.359453992391577,5.3972745937925986,0.03782060140102139,0.7056801206748395,True,False,9,5600,200,28,1.6141131001058966,0.1928475999739021
4,erratic,without_event_snap,event_snap,"event_flag, event_type_encoded, snap_flag",3,15,365800,150,2016-03-27,2016-03-28,2016-04-24,0.6447701367353782,0.6464372833805699,0.0016671466451917416,0.25856449457056035,3.4879937971622814,3.4507699613326364,-0.03722383582964506,-1.0671990259824764,5.359453992391577,5.364303600518161,0.00484960812658386,0.09048698120122856,True,False,6,5600,200,28,1.6377828000113368,0.20207490003667772
4,erratic,without_lag,lag,"lag_7, lag_14, lag_28, lag_56",4,14,365800,150,2016-03-27,2016-03-28,2016-04-24,0.6447701367353782,0.6642884985771877,0.01951836184180955,3.0271814294370976,3.4879937971622814,3.484041037815623,-0.003952759346658397,-0.11332472408277312,5.359453992391577,5.415096117226556,0.055642124834978546,1.038205102869986,True,False,12,5600,200,28,1.5793059000279754,0.21958850021474063
4,erratic,without_price,price,"sell_price, price_change, price_vs_28d_avg",3,15,365800,150,2016-03-27,2016-03-28,2016-04-24,0.6447701367353782,0.6421819446321296,-0.0025881921032485655,-0.4014131480023542,3.4879937971622814,3.4804051555506885,-0.0075886416115928945,-0.21756465329057545,5.359453992391577,5.4264413169827055,0.06698732459112833,1.2498908412354188,False,True,3,5600,200,28,1.7656121000181884,0.24113969993777573
4,erratic,without_rolling,rolling,"rolling_mean_7, rolling_std_7, rolling_mean_28, rolling_std_28",4,14,365800,150,2016-03-27,2016-03-28,2016-04-24,0.6447701367353782,0.6729044093959611,0.028134272660582882,4.3634577747402,3.4879937971622814,3.608056989312172,0.1200631921498907,3.442184795384964,5.359453992391577,5.3973828730022975,0.037928880610720306,0.7077004609903388,True,False,9,5600,200,28,2.055299500003457,0.24349289992824197
4,intermittent,without_calendar,calendar,"is_weekend, weekday, month, year",4,14,365800,810,2016-03-27,2016-03-28,2016-04-24,0.9247359801043784,1.097301066734943,0.17256508663056458,18.661011396040468,0.7658029965670747,0.7980869830101229,0.032283986443048196,4.215703854355514,1.639729202049562,1.8284429042303654,0.1887137021808034,11.508833406450451,True,False,12,5600,200,28,8.944407899864018,0.2958201998844743
4,intermittent,without_event_snap,event_snap,"event_flag, event_type_encoded, snap_flag",3,15,365800,810,2016-03-27,2016-03-28,2016-04-24,0.9247359801043784,0.8705125206798635,-0.0542234594245149,-5.863669262484465,0.7658029965670747,0.7600168482994325,-0.005786148267642233,-0.7555661565154816,1.639729202049562,1.5094142656099192,-0.13031493643964276,-7.9473449809125185,False,True,0,5600,200,28,9.845137899974361,0.26224260008893907
4,intermittent,without_lag,lag,"lag_7, lag_14, lag_28, lag_56",4,14,365800,810,2016-03-27,2016-03-28,2016-04-24,0.9247359801043784,0.8189440434280987,-0.10579193667627973,-11.440231477133462,0.7658029965670747,0.7677113542656427,0.0019083576985680084,0.24919694844793677,1.639729202049562,1.502422260375306,-0.13730694167425606,-8.37375717299117,False,True,0,5600,200,28,9.380205699941143,0.3165788999758661
4,intermittent,without_price,price,"sell_price, price_change, price_vs_28d_avg",3,15,365800,810,2016-03-27,2016-03-28,2016-04-24,0.9247359801043784,0.9643978462278988,0.039661866123520406,4.2889935048319,0.7658029965670747,0.7458614757155094,-0.01994152085156531,-2.604001413021199,1.639729202049562,1.4548502812035358,-0.1848789208460262,-11.274966660039889,True,False,4,5600,200,28,8.567154600052163,0.26611090009100735
4,intermittent,without_rolling,rolling,"rolling_mean_7, rolling_std_7, rolling_mean_28, rolling_std_28",4,14,365800,810,2016-03-27,2016-03-28,2016-04-24,0.9247359801043784,0.9491124110469726,0.02437643094259423,2.6360422290309033,0.7658029965670747,0.7900962056591692,0.024293209092094425,3.1722530730482257,1.639729202049562,1.5920310769366803,-0.04769812511288163,-2.9089025830156507,True,False,4,5600,200,28,9.65570140001364,0.2529974998906255
4,lumpy,without_calendar,calendar,"is_weekend, weekday, month, year",4,14,365800,380,2016-03-27,2016-03-28,2016-04-24,0.8492182621500002,0.9833008226108757,0.13408256046087552,15.78893983290153,1.39940153109708,1.3944489702431435,-0.004952560853936472,-0.3539056335070495,2.5391843759752915,2.570102780156507,0.030918404181215386,1.2176510092670896,True,False,12,5600,200,28,3.322898000013083,0.1989482999779284
4,lumpy,without_event_snap,event_snap,"event_flag, event_type_encoded, snap_flag",3,15,365800,380,2016-03-27,2016-03-28,2016-04-24,0.8492182621500002,1.012590716849033,0.16337245469903272,19.237981798155882,1.39940153109708,1.3870309807110295,-0.012370550386050505,-0.883988627363616,2.5391843759752915,2.5673733082130017,0.02818893223771024,1.110156966324392,True,False,12,5600,200,28,3.701543200062588,0.23828230006620288
4,lumpy,without_lag,lag,"lag_7, lag_14, lag_28, lag_56",4,14,365800,380,2016-03-27,2016-03-28,2016-04-24,0.8492182621500002,0.8902335637073348,0.04101530155733457,4.829771495197769,1.39940153109708,1.3978795979511258,-0.0015219331459541685,-0.10875600120010073,2.5391843759752915,2.5486112136077437,0.009426837632452223,0.3712545540861486,True,False,12,5600,200,28,4.598712099948898,0.2386425998993218
4,lumpy,without_price,price,"sell_price, price_change, price_vs_28d_avg",3,15,365800,380,2016-03-27,2016-03-28,2016-04-24,0.8492182621500002,0.9554524168238407,0.10623415467384056,12.50964085544784,1.39940153109708,1.3858807847303356,-0.013520746366744385,-0.9661806183779584,2.5391843759752915,2.5847147063319595,0.04553033035666809,1.7931084795360739,True,False,12,5600,200,28,3.938879699911922,0.24273220007307827
4,lumpy,without_rolling,rolling,"rolling_mean_7, rolling_std_7, rolling_mean_28, rolling_std_28",4,14,365800,380,2016-03-27,2016-03-28,2016-04-24,0.8492182621500002,0.879977248923238,0.03075898677323785,3.622035481828203,1.39940153109708,1.48224639886458,0.0828448677675,5.920021232401584,2.5391843759752915,2.613667672745602,0.0744832967703104,2.933355193700798,True,False,8,5600,200,28,4.009606999810785,0.234310100087896
4,smooth,without_calendar,calendar,"is_weekend, weekday, month, year",4,14,365800,400,2016-03-27,2016-03-28,2016-04-24,0.5388673909676954,0.6553064913801434,0.11643910041244798,21.608117760354215,2.624678176266384,2.6938772718386828,0.06919909557229875,2.636479252886339,4.204688826686091,4.318577410669359,0.11388858398326818,2.7086090951712354,True,False,12,5600,200,28,3.7854981999844313,0.2124413000419736
4,smooth,without_event_snap,event_snap,"event_flag, event_type_encoded, snap_flag",3,15,365800,400,2016-03-27,2016-03-28,2016-04-24,0.5388673909676954,0.51993690322207,-0.018930487745625446,-3.5130141595003863,2.624678176266384,2.606588151326089,-0.018090024940295102,-0.6892283063071847,4.204688826686091,4.160253889802943,-0.04443493688314781,-1.0567948952876267,False,True,0,5600,200,28,4.587945899926126,0.24198130005970597
4,smooth,without_lag,lag,"lag_7, lag_14, lag_28, lag_56",4,14,365800,400,2016-03-27,2016-03-28,2016-04-24,0.5388673909676954,0.5410706222734791,0.002203231305783704,0.40886335724029466,2.624678176266384,2.6301549017039854,0.00547672543760136,0.20866274147911062,4.204688826686091,4.121165910424575,-0.08352291626151587,-1.9864232456731912,True,False,10,5600,200,28,4.317625400144607,0.241607999894768
4,smooth,without_price,price,"sell_price, price_change, price_vs_28d_avg",3,15,365800,400,2016-03-27,2016-03-28,2016-04-24,0.5388673909676954,0.549275426589222,0.01040803562152659,1.9314651055124883,2.624678176266384,2.6463685559758283,0.02169037970944432,0.8264014958321091,4.204688826686091,4.29515964592904,0.09047081924294886,2.1516650333017173,True,False,12,5600,200,28,4.008525699842721,0.23804540000855923
4,smooth,without_rolling,rolling,"rolling_mean_7, rolling_std_7, rolling_mean_28, rolling_std_28",4,14,365800,400,2016-03-27,2016-03-28,2016-04-24,0.5388673909676954,0.5467141160695597,0.007846725101864238,1.456151408192121,2.624678176266384,2.6819431609201376,0.057264984653753626,2.181790711393551,4.204688826686091,4.331433272661833,0.12674444597574208,3.0143597112663203,True,False,7,5600,200,28,4.354503700044006,0.2390523999929428
5,erratic,without_calendar,calendar,"is_weekend, weekday, month, year",4,14,371400,150,2016-04-24,2016-04-25,2016-05-22,0.7217048954332584,0.8544031609937558,0.13269826556049735,18.386776423462543,3.2345626298882832,3.2973349815873165,0.06277235169903328,1.940675104541146,5.278287345291492,5.351464693083111,0.07317734779161889,1.38638431378498,True,False,12,5600,200,28,1.6303324999753386,0.2031457000412047
5,erratic,without_event_snap,event_snap,"event_flag, event_type_encoded, snap_flag",3,15,371400,150,2016-04-24,2016-04-25,2016-05-22,0.7217048954332584,0.7050357682438347,-0.016669127189423705,-2.3096874213963576,3.2345626298882832,3.2635852632132756,0.02902263332499233,0.8972660803292198,5.278287345291492,5.286701840847904,0.00841449555641205,0.15941715571658333,False,True,5,5600,200,28,1.6711492999456823,0.18944339989684522
5,erratic,without_lag,lag,"lag_7, lag_14, lag_28, lag_56",4,14,371400,150,2016-04-24,2016-04-25,2016-05-22,0.7217048954332584,0.7500619691482564,0.02835707371499796,3.929178518038798,3.2345626298882832,3.260372979024292,0.02581034913600888,0.7979548424109608,5.278287345291492,5.303533464553346,0.025246119261853828,0.4783013430364811,True,False,12,5600,200,28,1.7050985000096262,0.21826500003226101
5,erratic,without_price,price,"sell_price, price_change, price_vs_28d_avg",3,15,371400,150,2016-04-24,2016-04-25,2016-05-22,0.7217048954332584,0.7007245368031445,-0.020980358630113938,-2.907055052954695,3.2345626298882832,3.2433727228007876,0.008810092912504341,0.2723735453781777,5.278287345291492,5.260589031569353,-0.017698313722139147,-0.3353040970368346,False,True,0,5600,200,28,2.522803300060332,0.2367710000835359
5,erratic,without_rolling,rolling,"rolling_mean_7, rolling_std_7, rolling_mean_28, rolling_std_28",4,14,371400,150,2016-04-24,2016-04-25,2016-05-22,0.7217048954332584,0.6624718123755736,-0.05923308305768482,-8.207382745010431,3.2345626298882832,3.5322362768330744,0.29767364694479115,9.202902556104544,5.278287345291492,5.5017555033141905,0.22346815802269848,4.23372475585369,False,True,4,5600,200,28,2.1695687000174075,0.24122119997628033
5,intermittent,without_calendar,calendar,"is_weekend, weekday, month, year",4,14,371400,460,2016-04-24,2016-04-25,2016-05-22,1.2779566524008916,1.3542689877734408,0.07631233537254922,5.971433790745685,0.8152679966779605,0.8380621761375057,0.022794179459545205,2.795912454852456,1.9743166096752205,2.1363420532086117,0.1620254435333912,8.206659597522444,True,False,12,5600,200,28,4.19654450006783,0.23507399996742606
5,intermittent,without_event_snap,event_snap,"event_flag, event_type_encoded, snap_flag",3,15,371400,460,2016-04-24,2016-04-25,2016-05-22,1.2779566524008916,1.194822122699829,-0.08313452970106261,-6.505269920139946,0.8152679966779605,0.8205131058524369,0.005245109174476403,0.6433601215611408,1.9743166096752205,1.9968255642276576,0.022508954552437066,1.1400883952518557,False,True,0,5600,200,28,5.458567299880087,0.27658939990215003
5,intermittent,without_lag,lag,"lag_7, lag_14, lag_28, lag_56",4,14,371400,460,2016-04-24,2016-04-25,2016-05-22,1.2779566524008916,1.180078288636685,-0.09787836376420667,-7.65897368899978,0.8152679966779605,0.8273716704632118,0.012103673785251345,1.4846251581775785,1.9743166096752205,2.007429699360956,0.03311308968573545,1.6771924788285417,False,True,3,5600,200,28,5.7198992997873574,0.4008462999481708
5,intermittent,without_price,price,"sell_price, price_change, price_vs_28d_avg",3,15,371400,460,2016-04-24,2016-04-25,2016-05-22,1.2779566524008916,1.183442987560792,-0.09451366484009971,-7.395686282671426,0.8152679966779605,0.8231599704256223,0.007891973747661818,0.9680220221841029,1.9743166096752205,1.83580457234703,-0.1385120373281905,-7.015695286632677,False,True,0,5600,200,28,6.234319299925119,0.24735289998352528
5,intermittent,without_rolling,rolling,"rolling_mean_7, rolling_std_7, rolling_mean_28, rolling_std_28",4,14,371400,460,2016-04-24,2016-04-25,2016-05-22,1.2779566524008916,1.2482877488287119,-0.029668903572179772,-2.3215891960373565,0.8152679966779605,0.8414020512277577,0.026134054549797225,3.205578368866165,1.9743166096752205,1.8649442642469543,-0.10937234542826624,-5.539757143929323,False,True,2,5600,200,28,5.020874499808997,0.2382933998014778
5,lumpy,without_calendar,calendar,"is_weekend, weekday, month, year",4,14,371400,450,2016-04-24,2016-04-25,2016-05-22,1.1351837026603606,1.2306390291168268,0.09545532645646615,8.408799935443202,1.4687653336917823,1.4614496057208661,-0.007315727970916175,-0.49808691716108866,2.764840396805765,2.7786684661036825,0.013828069297917356,0.5001398747606913,True,False,9,5600,200,28,4.119989000027999,0.21125320019200444
5,lumpy,without_event_snap,event_snap,"event_flag, event_type_encoded, snap_flag",3,15,371400,450,2016-04-24,2016-04-25,2016-05-22,1.1351837026603606,1.1438866829919092,0.008702980331548593,0.7666583224506057,1.4687653336917823,1.4693949776521809,0.0006296439603985515,0.04286892847722134,2.764840396805765,2.7773894273519306,0.012549030546165518,0.45387902175704176,True,False,8,5600,200,28,4.786196700064465,0.24486659979447722
5,lumpy,without_lag,lag,"lag_7, lag_14, lag_28, lag_56",4,14,371400,450,2016-04-24,2016-04-25,2016-05-22,1.1351837026603606,1.217104964945589,0.08192126228522834,7.216564340488831,1.4687653336917823,1.4900948448993014,0.021329511207519136,1.4522068786786257,2.764840396805765,2.8175316408608375,0.05269124405507242,1.9057607851775782,True,False,12,5600,200,28,6.26086589996703,0.3130769000854343
5,lumpy,without_price,price,"sell_price, price_change, price_vs_28d_avg",3,15,371400,450,2016-04-24,2016-04-25,2016-05-22,1.1351837026603606,1.337400202159614,0.20221649949925347,17.81354850544003,1.4687653336917823,1.4607013476301107,-0.00806398606167158,-0.5490316170114479,2.764840396805765,2.8235603264787703,0.05871992967300521,2.1238090177228552,True,False,12,5600,200,28,4.493779999902472,0.2541996000800282
5,lumpy,without_rolling,rolling,"rolling_mean_7, rolling_std_7, rolling_mean_28, rolling_std_28",4,14,371400,450,2016-04-24,2016-04-25,2016-05-22,1.1351837026603606,1.0402209087478052,-0.09496279391255547,-8.365412020099068,1.4687653336917823,1.5273024992298867,0.058537165538104396,3.985467534896784,2.764840396805765,2.8063386747250614,0.04149827791929628,1.5009285153399619,False,True,0,5600,200,28,5.183723299996927,0.2592452000826597
5,smooth,without_calendar,calendar,"is_weekend, weekday, month, year",4,14,371400,185,2016-04-24,2016-04-25,2016-05-22,0.6304336320589443,0.7738621937437058,0.14342856168476148,22.75077889108416,2.4941884126585503,2.56924809659694,0.07505968393838991,3.00938307456829,3.899229938630924,3.9984210823962556,0.09919114376533145,2.5438649509384637,True,False,12,5600,200,28,1.8928823999594897,0.2029987999703735
5,smooth,without_event_snap,event_snap,"event_flag, event_type_encoded, snap_flag",3,15,371400,185,2016-04-24,2016-04-25,2016-05-22,0.6304336320589443,0.6898969750429428,0.05946334298399847,9.432133687061729,2.4941884126585503,2.5170611498725233,0.022872737213972982,0.9170412747444759,3.899229938630924,3.9322748398759333,0.03304490124500914,0.847472494956573,True,False,12,5600,200,28,1.8969441999215633,0.20075930003076792
5,smooth,without_lag,lag,"lag_7, lag_14, lag_28, lag_56",4,14,371400,185,2016-04-24,2016-04-25,2016-05-22,0.6304336320589443,0.7159720113779887,0.0855383793190444,13.568181481638772,2.4941884126585503,2.506713815809469,0.012525403150918546,0.5021835193904917,3.899229938630924,3.9861007643836786,0.0868708257527544,2.2278969724790323,True,False,12,5600,200,28,1.9702453999780118,0.23378899996168911
5,smooth,without_price,price,"sell_price, price_change, price_vs_28d_avg",3,15,371400,185,2016-04-24,2016-04-25,2016-05-22,0.6304336320589443,0.6262976071976131,-0.0041360248613312445,-0.6560603132519006,2.4941884126585503,2.4879242558938652,-0.006264156764685058,-0.25115010289090817,3.899229938630924,3.8764231265227185,-0.022806812108205676,-0.5849055446115464,False,True,2,5600,200,28,1.8802787000313401,0.22348239994607866
5,smooth,without_rolling,rolling,"rolling_mean_7, rolling_std_7, rolling_mean_28, rolling_std_28",4,14,371400,185,2016-04-24,2016-04-25,2016-05-22,0.6304336320589443,0.6156987182019612,-0.014734913856983112,-2.3372664635387705,2.4941884126585503,2.6487332162819803,0.15454480362343004,6.196196038722714,3.899229938630924,4.093157944930318,0.19392800629939355,4.973495006747012,False,True,5,5600,200,28,2.1925967999268323,0.226564500015229
