demand_type,feature_group,mean_importance_share,standard_deviation_share,minimum_importance_share,maximum_importance_share,mean_model_rank,importance_rank,folds,mean_full_xgb_wrmsse,mean_ablation_wrmsse,mean_delta_wrmsse,median_delta_wrmsse,minimum_delta_wrmsse,maximum_delta_wrmsse,standard_deviation_delta_wrmsse,folds_removal_worsened,folds_removal_improved,folds_no_change,change_from_mean_scores_percentage,mean_importance_percentage,standard_deviation_percentage,comparison_pattern,fold_consistency
smooth,rolling,0.697081877813063,0.021788805850144782,0.6663414479256407,0.7257217233959589,1.0,1,5,0.6359855236703444,0.6348673607052474,-0.0011181629650971199,0.0026726132082013,-0.0147349138569831,0.0078467251018642,0.010005163315937132,3,2,0,-0.17581578880036056,69.7081877813063,2.178880585014478,High model reliance but negative mean ablation effect,Mixed fold-level direction
smooth,calendar,0.12944642006002177,0.01748190946982212,0.1118673851233973,0.15883103049346434,2.0,2,5,0.6359855236703444,0.7618760570206974,0.12589053335035283,0.1238759025781526,0.0925692934696277,0.1531398086067746,0.023737095382415654,5,0,0,19.79455957170602,12.944642006002177,1.748190946982212,High model reliance and positive mean ablation effect,Removal worsened WRMSSE in all five folds
smooth,lag,0.09093212780312096,0.00679705411394922,0.07945273533360823,0.09737031531987556,3.0,3,5,0.6359855236703444,0.6627826144878436,0.026797090817499057,0.0400652333567569,-0.0364611729439208,0.0855383793190444,0.04605442252982768,4,1,0,4.213474964469318,9.093212780312095,0.679705411394922,Lower model reliance and positive mean ablation effect,Removal usually worsened WRMSSE
smooth,event_snap,0.049820421689948706,0.004597218039244396,0.043594642415939494,0.055086920228691064,4.0,4,5,0.6359855236703444,0.6420609965175332,0.006075472847188779,-0.003657457429795,-0.0426110374467647,0.0594633429839984,0.04136097868005719,2,3,0,0.9552847700253518,4.98204216899487,0.4597218039244396,Lower model reliance and positive mean ablation effect,Mixed fold-level direction
smooth,price,0.03271915263384565,0.003079620348295227,0.02978635162911078,0.03742886621910785,5.0,5,5,0.6359855236703444,0.6280621666710694,-0.00792335699927514,-0.0028352941741104,-0.0563381975782524,0.0132846959957918,0.028151600858491416,2,3,0,-1.2458392061423897,3.271915263384565,0.30796203482952267,Lower model reliance and negative mean ablation effect,Mixed fold-level direction
erratic,rolling,0.6626729299151798,0.04412466328156638,0.6046191811301722,0.7174274560091694,1.0,1,5,0.7937757337214324,0.8016494681861355,0.007873734464703158,-0.0062683129381707,-0.0592330830576848,0.096579132980958,0.05863168014197006,2,3,0,0.991934387788474,66.26729299151798,4.412466328156638,High model reliance and positive mean ablation effect,Mixed fold-level direction
erratic,calendar,0.15935114817130427,0.02700326595470317,0.12638240536895676,0.19566745932740476,2.0,2,5,0.7937757337214324,0.9069804838225156,0.11320475010108318,0.1184237729012911,-3.606617973450632e-05,0.2885167591180838,0.11346412900894114,4,1,0,14.261553394980861,15.935114817130428,2.700326595470317,High model reliance and positive mean ablation effect,Removal usually worsened WRMSSE
erratic,lag,0.08614833438636757,0.013312319828472611,0.07124870085442189,0.10393642013430324,3.0,3,5,0.7937757337214324,0.8119731015728258,0.01819736785139328,0.0195183618418095,-0.010018326904595,0.0555338843038191,0.026074548078140528,3,2,0,2.29250745246131,8.614833438636756,1.3312319828472612,Lower model reliance and positive mean ablation effect,Mixed fold-level direction
erratic,event_snap,0.05465849851132324,0.006837849899531691,0.044923635952119075,0.061954666194000356,4.2,4,5,0.7937757337214324,0.7897715187975862,-0.004004214923846139,-0.0091341585548088,-0.0487969109250341,0.0529119754048442,0.03696186887518316,2,3,0,-0.504451667358652,5.465849851132324,0.6837849899531692,Lower model reliance and negative mean ablation effect,Mixed fold-level direction
erratic,price,0.03716908901582517,0.009093601003823204,0.028973325794432597,0.05085330345600068,4.8,5,5,0.7937757337214324,0.7979727680439646,0.00419703432253214,0.0022849067259945,-0.0209803586301139,0.0312015210429256,0.0191052311192769,3,2,0,0.5287430875286807,3.716908901582517,0.9093601003823204,Lower model reliance and positive mean ablation effect,Mixed fold-level direction
intermittent,rolling,0.7083985268819026,0.07671749954376385,0.5924820074761946,0.8059876070629917,1.0,1,5,1.2095379332725238,1.159124777114365,-0.050413156158159,0.0034324785763559,-0.2749637309854742,0.0247579442479088,0.127472363402378,3,2,0,-4.16796817787775,70.83985268819026,7.671749954376385,High model reliance but negative mean ablation effect,Mixed fold-level direction
intermittent,calendar,0.13813789474041918,0.0684463200764953,0.07495385114696589,0.25528312094900035,2.0,2,5,1.2095379332725238,1.2165957881959586,0.007057854923434598,0.0820309075489393,-0.3969658394645829,0.1725650866305645,0.22909350345593557,4,1,0,0.5835166247609017,13.813789474041918,6.84463200764953,High model reliance and positive mean ablation effect,Removal usually worsened WRMSSE
intermittent,price,0.07069806265229261,0.009820814500684468,0.06150492668328283,0.08654186300294821,3.2,3,5,1.2095379332725238,1.2361952780975682,0.026657344825044303,0.0396618661235204,-0.0945136648400997,0.1271671512589911,0.09972448805475394,3,2,0,2.2039279704870633,7.0698062652292615,0.9820814500684468,Lower model reliance and positive mean ablation effect,Mixed fold-level direction
intermittent,lag,0.05916704748286663,0.01719370616494586,0.02956399898591611,0.07308803338956263,3.8,4,5,1.2095379332725238,1.1359484523095165,-0.07358948096300735,-0.0860299400774797,-0.1057919366762797,-0.0090440536732283,0.03862339133687958,0,5,0,-6.084098641197947,5.916704748286663,1.719370616494586,Lower model reliance and negative mean ablation effect,Removal improved WRMSSE in all five folds
intermittent,event_snap,0.023598468242519023,0.006048375080430061,0.017641911501959675,0.031637396095058674,5.0,5,5,1.2095379332725238,1.1594950440787033,-0.05004288919382066,-0.0542234594245149,-0.0831345297010626,0.0022288121262532,0.036155793001843316,1,4,0,-4.137355912304851,2.3598468242519024,0.6048375080430061,Lower model reliance and negative mean ablation effect,Removal usually improved WRMSSE
lumpy,rolling,0.7218992992914346,0.035476717615293675,0.663405751117694,0.7524045596865405,1.0,1,5,1.1275137532987098,1.0800784658048148,-0.047435287493895015,-0.0768647112322151,-0.1860872836540625,0.0899793645561201,0.1087962108868397,2,3,0,-4.207069523996138,72.18992992914346,3.5476717615293674,High model reliance but negative mean ablation effect,Mixed fold-level direction
lumpy,calendar,0.1139171112995467,0.028348478558539867,0.09333989821258969,0.16350166473855265,2.0,2,5,1.1275137532987098,1.1725030101982763,0.044989256899566454,0.0954553264564661,-0.2300705102122113,0.1597842648602258,0.15791526466988115,4,1,0,3.9901293237393927,11.39171112995467,2.8348478558539867,High model reliance and positive mean ablation effect,Removal usually worsened WRMSSE
lumpy,lag,0.06755590059636475,0.010677517365525357,0.053259242446012274,0.08286648009817313,3.0,3,5,1.1275137532987098,1.1195882313187213,-0.007925521979988484,0.0206918637845555,-0.1995560617043934,0.0819212622852283,0.11022221244036493,4,1,0,-0.7029202044588091,6.755590059636475,1.0677517365525357,Lower model reliance and negative mean ablation effect,Removal usually worsened WRMSSE
lumpy,price,0.055021784348581924,0.0032343380344891735,0.049556726216340254,0.05811992499302747,4.0,4,5,1.1275137532987098,1.2225061710574388,0.09499241775872899,0.1062341546738405,0.013286201271085,0.2022164994992534,0.07786301905608682,5,0,0,8.424945370361513,5.502178434858193,0.32343380344891737,Lower model reliance and positive mean ablation effect,Removal worsened WRMSSE in all five folds
lumpy,event_snap,0.04160590446407199,0.006188897766084188,0.03210617905255271,0.04656386842315634,5.0,5,5,1.1275137532987098,1.203410918788229,0.075897165489519,0.0619389806201708,0.0035653951200023,0.1633724546990327,0.07407912848103212,5,0,0,6.731373809629418,4.160590446407199,0.6188897766084188,Lower model reliance and positive mean ablation effect,Removal worsened WRMSSE in all five folds
