level,hierarchy_series,level_weight_share,naive_level_wrmsse,naive_wrmsse_contribution,xgb_level_wrmsse,xgb_wrmsse_contribution,fold,demand_type,level_wrmsse_difference,xgb_better
L10_Item,119,0.08333333333333333,1.4945600180281375,0.12454666816901146,1.3705263018236566,0.11421052515197139,1,erratic,0.12403371620448089,True
L11_Item_State,171,0.08333333333333333,1.5080619705839062,0.12567183088199219,1.3736540281959901,0.1144711690163325,1,erratic,0.1344079423879161,True
L12_Item_Store,200,0.08333333333333333,1.4991016593203306,0.12492513827669421,1.373451551530601,0.11445429596088341,1,erratic,0.12565010778972963,True
L1_Total,1,0.08333333333333333,0.9705539599528783,0.08087949666273986,0.728100707138961,0.06067505892824675,1,erratic,0.24245325281391727,True
L2_State,3,0.08333333333333333,0.9541984648068924,0.0795165387339077,0.7562487332442913,0.06302072777035761,1,erratic,0.1979497315626011,True
L3_Store,10,0.08333333333333333,1.1491307534641069,0.0957608961220089,0.8843145419346046,0.07369287849455038,1,erratic,0.2648162115295023,True
L4_Category,3,0.08333333333333333,1.0647587731190662,0.08872989775992217,0.9195330418201009,0.0766277534850084,1,erratic,0.14522573129896532,True
L5_Department,5,0.08333333333333334,1.0592459703618033,0.08827049753015029,0.907259475737398,0.07560495631144984,1,erratic,0.1519864946244054,True
L6_State_Category,9,0.08333333333333333,1.0518043745349348,0.08765036454457789,0.8974653569553072,0.0747887797462756,1,erratic,0.15433901757962765,True
L7_State_Department,15,0.08333333333333333,1.2413812502078105,0.10344843751731754,1.1641767212281373,0.09701472676901143,1,erratic,0.07720452897967323,True
L8_Store_Category,25,0.08333333333333333,1.058918457863656,0.08824320482197132,0.9676929474931134,0.08064107895775945,1,erratic,0.0912255103705425,True
L9_Store_Department,39,0.08333333333333333,1.3486155077347364,0.11238462564456136,1.3018145792473836,0.1084845482706153,1,erratic,0.04680092848735273,True
L10_Item,191,0.08333333333333333,1.0498575042052125,0.08748812535043438,0.8414970801713576,0.07012475668094646,1,intermittent,0.2083604240338549,True
L11_Item_State,198,0.08333333333333333,1.0474970004040323,0.08729141670033602,0.8377212357393625,0.0698101029782802,1,intermittent,0.20977576466466974,True
L12_Item_Store,200,0.08333333333333333,1.0471407244784348,0.08726172703986955,0.8371324293147362,0.06976103577622801,1,intermittent,0.21000829516369857,True
L1_Total,1,0.08333333333333333,0.8814119297373428,0.07345099414477857,2.420839900862526,0.2017366584052105,1,intermittent,-1.539427971125183,False
L2_State,3,0.08333333333333333,0.8848811727016085,0.07374009772513404,1.8295315600107651,0.15246096333423043,1,intermittent,-0.9446503873091566,False
L3_Store,10,0.08333333333333333,0.893835483137044,0.07448629026142033,1.3140881193382647,0.10950734327818872,1,intermittent,-0.4202526362012208,False
L4_Category,3,0.08333333333333333,0.9595988685207069,0.07996657237672557,1.9274187094569646,0.16061822578808038,1,intermittent,-0.9678198409362577,False
L5_Department,7,0.08333333333333333,0.9881687891421967,0.08234739909518306,1.5436458618699482,0.12863715515582902,1,intermittent,-0.5554770727277515,False
L6_State_Category,9,0.08333333333333333,0.9953360179646437,0.0829446681637203,1.4177653690128382,0.11814711408440318,1,intermittent,-0.42242935104819457,False
L7_State_Department,21,0.08333333333333333,1.101366200348106,0.09178051669567548,1.2110894012531797,0.1009241167710983,1,intermittent,-0.1097232009050737,False
L8_Store_Category,30,0.08333333333333333,1.001908196908812,0.083492349742401,1.0455618458481728,0.08713015382068107,1,intermittent,-0.043653648939360856,False
L9_Store_Department,60,0.08333333333333333,1.08499354959979,0.09041612913331583,0.9871049810005758,0.08225874841671464,1,intermittent,0.09788856859921424,True
L10_Item,182,0.08333333333333333,1.4740166746166166,0.12283472288471804,1.159726516285945,0.09664387635716207,1,lumpy,0.31429015833067164,True
L11_Item_State,197,0.08333333333333333,1.4683271177567598,0.12236059314639665,1.1554838947831825,0.0962903245652652,1,lumpy,0.31284322297357736,True
L12_Item_Store,200,0.08333333333333333,1.4702457039513748,0.12252047532928123,1.1538465081243707,0.09615387567703089,1,lumpy,0.31639919582700404,True
L1_Total,1,0.08333333333333333,1.1714728132159202,0.09762273443466002,2.294273620813236,0.19118946840110299,1,lumpy,-1.1228008075973157,False
L2_State,3,0.08333333333333333,1.2967911307518347,0.10806592756265289,1.8499405326098697,0.15416171105082246,1,lumpy,-0.553149401858035,False
L3_Store,10,0.08333333333333333,1.1830270632786386,0.09858558860655321,1.4209304859170822,0.11841087382642351,1,lumpy,-0.23790342263844355,False
L4_Category,3,0.08333333333333333,1.378057468688999,0.11483812239074992,2.0081434125184274,0.1673452843765356,1,lumpy,-0.6300859438294284,False
L5_Department,7,0.08333333333333334,1.442832376331426,0.12023603136095216,1.8002325226344407,0.1500193768862034,1,lumpy,-0.35740014630301475,False
L6_State_Category,9,0.08333333333333333,1.2767500851483344,0.10639584042902786,1.5599708356753081,0.129997569639609,1,lumpy,-0.2832207505269737,False
L7_State_Department,21,0.08333333333333333,1.2896763019831265,0.10747302516526054,1.4023060936966114,0.11685884114138428,1,lumpy,-0.11262979171348486,False
L8_Store_Category,30,0.08333333333333333,1.2244761693527948,0.10203968077939957,1.2850049970008568,0.10708374975007139,1,lumpy,-0.060528827648062,False
L9_Store_Department,59,0.08333333333333334,1.3294282235809636,0.11078568529841364,1.3047411709364027,0.10872843091136691,1,lumpy,0.024687052644560836,True
L10_Item,142,0.08333333333333333,1.1077661613404055,0.09231384677836711,0.7365855021021296,0.061382125175177465,1,smooth,0.3711806592382759,True
L11_Item_State,180,0.08333333333333333,1.0850560288341613,0.09042133573618011,0.7382368173835278,0.06151973478196064,1,smooth,0.34681921145063355,True
L12_Item_Store,200,0.08333333333333333,1.094151485796524,0.09117929048304366,0.7378589754771032,0.06148824795642526,1,smooth,0.3562925103194208,True
L1_Total,1,0.08333333333333333,0.769950369535042,0.06416253079458684,0.7121775708737215,0.05934813090614345,1,smooth,0.05777279866132057,True
L2_State,3,0.08333333333333333,0.7513598237555068,0.06261331864629223,0.7031600406762978,0.058596670056358144,1,smooth,0.048199783079209024,True
L3_Store,10,0.08333333333333333,0.902635524662681,0.07521962705522342,0.745288740533947,0.06210739504449558,1,smooth,0.15734678412873404,True
L4_Category,3,0.08333333333333333,0.8314600662476663,0.06928833885397219,0.744212906835933,0.06201774223632774,1,smooth,0.08724715941173333,True
L5_Department,5,0.08333333333333333,0.8745124512757333,0.0728760376063111,0.7469440048454856,0.0622453337371238,1,smooth,0.12756844643024767,True
L6_State_Category,9,0.08333333333333333,0.8805640698236797,0.07338033915197331,0.7661112514078499,0.06384260428398748,1,smooth,0.11445281841582988,True
L7_State_Department,14,0.08333333333333333,0.9272221844336994,0.07726851536947495,0.7830533677284335,0.06525444731070279,1,smooth,0.14416881670526593,True
L8_Store_Category,29,0.08333333333333333,1.006334972083347,0.08386124767361224,0.787474106035444,0.06562284216962033,1,smooth,0.218860866047903,True
L9_Store_Department,39,0.08333333333333333,1.0417793017005914,0.08681494180838262,0.8005703800783663,0.06671419833986386,1,smooth,0.24120892162222507,True
L10_Item,119,0.08333333333333333,1.2573599958147483,0.10477999965122901,0.9451172996013598,0.07875977496677998,2,erratic,0.3122426962133885,True
L11_Item_State,171,0.08333333333333333,1.2918675411149048,0.10765562842624206,0.9687954066767217,0.08073295055639347,2,erratic,0.32307213443818306,True
L12_Item_Store,200,0.08333333333333333,1.3036808713742931,0.10864007261452442,0.9737444908714086,0.08114537423928404,2,erratic,0.32993638050288454,True
L1_Total,1,0.08333333333333333,0.745720659737616,0.062143388311468,0.563874659554409,0.046989554962867414,2,erratic,0.18184600018320707,True
L2_State,3,0.08333333333333334,0.8430590621665348,0.07025492184721124,0.667544568888993,0.05562871407408276,2,erratic,0.17551449327754176,True
L3_Store,10,0.08333333333333333,0.979716486725169,0.08164304056043074,0.9717129147767342,0.08097607623139451,2,erratic,0.008003571948434818,True
L4_Category,3,0.08333333333333333,0.8358050501660395,0.06965042084716995,0.6768654556198426,0.056405454634986876,2,erratic,0.15893959454619688,True
L5_Department,5,0.08333333333333334,0.9144229745274055,0.07620191454395046,0.7632153693716781,0.06360128078097319,2,erratic,0.1512076051557274,True
L6_State_Category,9,0.08333333333333333,0.871385833088545,0.07261548609071208,0.7168524400234003,0.05973770333528335,2,erratic,0.1545333930651447,True
L7_State_Department,15,0.08333333333333333,1.0318020661614102,0.08598350551345084,0.817607582861403,0.06813396523845025,2,erratic,0.21419448330000723,True
L8_Store_Category,25,0.08333333333333333,0.9395517941936596,0.07829598284947163,0.9396480627660315,0.07830400523050263,2,erratic,-9.626857237188258e-05,False
L9_Store_Department,39,0.08333333333333333,1.2498712819799498,0.10415594016499581,0.9453714219988378,0.07878095183323648,2,erratic,0.30449985998111195,True
L10_Item,191,0.08333333333333333,1.061942397489713,0.08849519979080941,0.8271923431148062,0.06893269525956718,2,intermittent,0.23475005437490692,True
L11_Item_State,198,0.08333333333333333,1.0592630057886367,0.08827191714905305,0.8239574062002994,0.06866311718335828,2,intermittent,0.2353055995883373,True
L12_Item_Store,200,0.08333333333333333,1.0585269833809305,0.08821058194841087,0.8233444985239332,0.0686120415436611,2,intermittent,0.23518248485699733,True
L1_Total,1,0.08333333333333333,0.9195572171309861,0.07662976809424885,1.3967003035691525,0.11639169196409604,2,intermittent,-0.4771430864381664,False
L2_State,3,0.08333333333333333,1.0003741628498493,0.08336451357082077,1.210888453393427,0.1009073711161189,2,intermittent,-0.21051429054357773,False
L3_Store,10,0.08333333333333333,0.978441131087589,0.08153676092396575,0.9795126831914537,0.08162605693262114,2,intermittent,-0.0010715521038646703,False
L4_Category,3,0.08333333333333334,0.9758170519713725,0.08131808766428104,1.2256599198140652,0.10213832665117212,2,intermittent,-0.24984286784269272,False
L5_Department,7,0.08333333333333333,1.016431274398538,0.08470260619987816,1.093247612776523,0.09110396773137691,2,intermittent,-0.07681633837798496,False
L6_State_Category,9,0.08333333333333333,1.0648982667380664,0.08874152222817219,1.0765320486988532,0.08971100405823776,2,intermittent,-0.011633781960786793,False
L7_State_Department,21,0.08333333333333333,1.074103397573661,0.08950861646447174,1.0044536893262377,0.0837044741105198,2,intermittent,0.06964970824742323,True
L8_Store_Category,30,0.08333333333333333,1.0412954561624657,0.08677462134687214,0.902406498163085,0.07520054151359042,2,intermittent,0.1388889579993806,True
L9_Store_Department,60,0.08333333333333333,1.075707085043185,0.08964225708693208,0.8988529107555479,0.07490440922962899,2,intermittent,0.17685417428763706,True
L10_Item,182,0.08333333333333333,1.429466209984986,0.11912218416541549,1.1186990988394085,0.09322492490328403,2,lumpy,0.3107671111455774,True
L11_Item_State,197,0.08333333333333333,1.4249138676776316,0.11874282230646929,1.1131907521090254,0.09276589600908544,2,lumpy,0.3117231155686062,True
L12_Item_Store,200,0.08333333333333333,1.4304712420048622,0.11920593683373851,1.1167441796691282,0.09306201497242735,2,lumpy,0.313727062335734,True
L1_Total,1,0.08333333333333333,0.8123818629441255,0.06769848857867712,1.1321685857705828,0.09434738214754856,2,lumpy,-0.31978672282645726,False
L2_State,3,0.08333333333333334,1.066234849900099,0.0888529041583416,1.142715533732969,0.09522629447774744,2,lumpy,-0.07648068383286999,False
L3_Store,10,0.08333333333333334,1.38874765332092,0.11572897111007667,1.212813292664723,0.10106777438872694,2,lumpy,0.17593436065619694,True
L4_Category,3,0.08333333333333334,1.16962893708452,0.09746907809037669,1.284399771408914,0.10703331428407617,2,lumpy,-0.11477083432439383,False
L5_Department,7,0.08333333333333333,1.582702281816574,0.13189185681804783,1.403611919645848,0.11696765997048733,2,lumpy,0.17909036217072583,True
L6_State_Category,9,0.08333333333333334,1.1408522283462672,0.09507101902885562,1.201557799161571,0.1001298165967976,2,lumpy,-0.0607055708153037,False
L7_State_Department,21,0.08333333333333333,1.4616214419650837,0.12180178683042364,1.3074902011488743,0.10895751676240618,2,lumpy,0.15413124081620944,True
L8_Store_Category,30,0.08333333333333334,1.417945306434746,0.11816210886956217,1.269733558568452,0.10581112988070433,2,lumpy,0.1482117478662941,True
L9_Store_Department,59,0.08333333333333333,1.4462702077908085,0.1205225173159007,1.2253307012783996,0.10211089177319996,2,lumpy,0.2209395065124089,True
L10_Item,142,0.08333333333333333,0.9672587956981381,0.0806048996415115,0.7715068373318515,0.06429223644432096,2,smooth,0.19575195836628656,True
L11_Item_State,180,0.08333333333333333,0.9785630421102391,0.08154692017585326,0.7814301901990073,0.06511918251658394,2,smooth,0.19713285191123187,True
L12_Item_Store,200,0.08333333333333333,0.983392935187621,0.08194941126563508,0.7855439558978377,0.0654619963248198,2,smooth,0.1978489792897834,True
L1_Total,1,0.08333333333333333,0.6534983124735959,0.05445819270613299,0.46216713947184684,0.03851392828932057,2,smooth,0.19133117300174907,True
L2_State,3,0.08333333333333333,0.6987442368831982,0.05822868640693318,0.514108178809357,0.04284234823411308,2,smooth,0.1846360580738412,True
L3_Store,10,0.08333333333333333,0.7856123274898273,0.06546769395748561,0.636778599910317,0.05306488332585975,2,smooth,0.1488337275795103,True
L4_Category,3,0.08333333333333334,0.8439212808108141,0.07032677340090118,0.5577927281882177,0.04648272734901815,2,smooth,0.2861285526225964,True
L5_Department,5,0.08333333333333334,0.841999620609612,0.07016663505080101,0.5886495691646546,0.04905413076372122,2,smooth,0.25335005144495737,True
L6_State_Category,9,0.08333333333333333,0.8778054819812435,0.0731504568317703,0.6012847179861031,0.05010705983217525,2,smooth,0.2765207639951405,True
L7_State_Department,14,0.08333333333333333,0.883484779977298,0.07362373166477483,0.6344201568420889,0.052868346403507405,2,smooth,0.24906462313520916,True
L8_Store_Category,29,0.08333333333333333,0.9148528854648302,0.07623774045540252,0.6757509969850694,0.056312583082089106,2,smooth,0.23910188847976088,True
L9_Store_Department,39,0.08333333333333333,0.9335869641193615,0.07779891367661346,0.6941421807321775,0.05784518172768145,2,smooth,0.239444783387184,True
L10_Item,119,0.08333333333333333,0.9997368484645014,0.08331140403870844,0.8406600584597828,0.07005500487164856,3,erratic,0.15907679000471864,True
L11_Item_State,171,0.08333333333333333,1.0474034837542436,0.08728362364618696,0.8721732302174662,0.07268110251812218,3,erratic,0.17523025353677746,True
L12_Item_Store,200,0.08333333333333333,1.0558530404631343,0.08798775337192785,0.8794661798960663,0.0732888483246722,3,erratic,0.17638686056706798,True
L1_Total,1,0.08333333333333333,0.6590905959255058,0.05492421632712548,0.6057195799860315,0.050476631665502626,3,erratic,0.05337101593947424,True
L2_State,3,0.08333333333333333,0.6911050188430646,0.05759208490358872,0.6750957528812602,0.056257979406771685,3,erratic,0.01600926596180441,True
L3_Store,10,0.08333333333333333,0.8247729648361861,0.06873108040301551,0.7364414023666572,0.0613701168638881,3,erratic,0.08833156246952889,True
L4_Category,3,0.08333333333333334,0.6789141688091224,0.05657618073409354,0.569097420046194,0.04742478500384951,3,erratic,0.10981674876292835,True
L5_Department,5,0.08333333333333334,0.7402899116481227,0.061690825970676905,0.6026006799408558,0.050216723328404655,3,erratic,0.137689231707267,True
L6_State_Category,9,0.08333333333333333,0.6900449131414489,0.05750374276178741,0.6277498628391491,0.052312488569929094,3,erratic,0.06229505030229976,True
L7_State_Department,15,0.08333333333333333,0.8113022667872783,0.06760852223227319,0.7295624128544163,0.06079686773786802,3,erratic,0.0817398539328621,True
L8_Store_Category,25,0.08333333333333333,0.8224336034762736,0.0685361336230228,0.6981399031741506,0.058178325264512554,3,erratic,0.12429370030212294,True
L9_Store_Department,39,0.08333333333333333,0.934738403870423,0.07789486698920191,0.7975494952399116,0.0664624579366593,3,erratic,0.13718890863051136,True
L10_Item,191,0.08333333333333333,1.1408262900136978,0.09506885750114148,0.8633492559490685,0.07194577132908904,3,intermittent,0.2774770340646293,True
L11_Item_State,198,0.08333333333333333,1.142105060725485,0.09517542172712375,0.8617908216476166,0.07181590180396805,3,intermittent,0.28031423907786845,True
L12_Item_Store,200,0.08333333333333333,1.142731923742966,0.09522766031191383,0.8608690282290639,0.07173908568575532,3,intermittent,0.2818628955139022,True
L1_Total,1,0.08333333333333333,2.280363750784457,0.19003031256537142,2.6406566527418844,0.2200547210618237,3,intermittent,-0.36029290195742725,False
L2_State,3,0.08333333333333334,1.9231031293843786,0.1602585941153649,2.0141585981175885,0.1678465498431324,3,intermittent,-0.09105546873320991,False
L3_Store,10,0.08333333333333333,1.5486800109046897,0.1290566675753908,1.518994956807369,0.12658291306728076,3,intermittent,0.029685054097320585,True
L4_Category,3,0.08333333333333334,1.7874445581506264,0.14895371317921888,1.9670793711673034,0.16392328093060862,3,intermittent,-0.17963481301667694,False
L5_Department,7,0.08333333333333334,1.8319438405117592,0.15266198670931327,1.7254949551817698,0.1437912462651475,3,intermittent,0.10644888532998942,True
L6_State_Category,9,0.08333333333333333,1.614823527581118,0.1345686272984265,1.5570908790636455,0.1297575732553038,3,intermittent,0.05773264851747251,True
L7_State_Department,21,0.08333333333333333,1.5394222689241888,0.12828518907701572,1.3052421683744144,0.10877018069786785,3,intermittent,0.23418010054977434,True
L8_Store_Category,30,0.08333333333333333,1.396750325752616,0.11639586047938466,1.241343451852791,0.10344528765439925,3,intermittent,0.15540687389982488,True
L9_Store_Department,60,0.08333333333333333,1.3509465567339172,0.11257887972782643,1.107749405749606,0.09231245047913383,3,intermittent,0.24319715098431116,True
L10_Item,182,0.08333333333333333,1.4019222838573642,0.11682685698811367,1.0676557548263856,0.0889713129021988,3,lumpy,0.33426652903097853,True
L11_Item_State,197,0.08333333333333333,1.3970073677105308,0.11641728064254422,1.0614137683901497,0.0884511473658458,3,lumpy,0.33559359932038113,True
L12_Item_Store,200,0.08333333333333333,1.3974202869052421,0.11645169057543683,1.0556473403026463,0.08797061169188719,3,lumpy,0.34177294660259583,True
L1_Total,1,0.08333333333333333,0.8556958588319898,0.07130798823599915,0.6524501056331572,0.05437084213609643,3,lumpy,0.20324575319883265,True
L2_State,3,0.08333333333333334,1.1987721334849695,0.09989767779041413,0.8024048277934037,0.06686706898278365,3,lumpy,0.39636730569156575,True
L3_Store,10,0.08333333333333333,1.3005925623748629,0.10838271353123856,0.9070067342307008,0.07558389451922506,3,lumpy,0.3935858281441621,True
L4_Category,3,0.08333333333333333,0.9349699371687025,0.0779141614307252,0.7869443681010426,0.06557869734175355,3,lumpy,0.14802556906765985,True
L5_Department,7,0.08333333333333333,1.257324976870755,0.10477708140589626,0.9087119717599292,0.07572599764666077,3,lumpy,0.3486130051108258,True
L6_State_Category,9,0.08333333333333333,1.1559106067660707,0.09632588389717255,0.8274222351424186,0.06895185292853488,3,lumpy,0.3284883716236521,True
L7_State_Department,21,0.08333333333333333,1.3618008839206026,0.11348340699338354,0.9490484037189694,0.07908736697658078,3,lumpy,0.41275248020163324,True
L8_Store_Category,30,0.08333333333333333,1.2880306420788108,0.10733588683990089,0.9204967462373076,0.0767080621864423,3,lumpy,0.3675338958415032,True
L9_Store_Department,59,0.08333333333333333,1.405379308569726,0.11711494238081048,0.9757433790685199,0.08131194825570999,3,lumpy,0.429635929501206,True
L10_Item,142,0.08333333333333333,0.9097172508880091,0.0758097709073341,0.7048494760955367,0.05873745634129472,3,smooth,0.20486777479247242,True
L11_Item_State,180,0.08333333333333333,0.9219038325998951,0.07682531938332458,0.7214183608790772,0.060118196739923094,3,smooth,0.20048547172081788,True
L12_Item_Store,200,0.08333333333333333,0.9236533896787075,0.07697111580655895,0.7248941421829821,0.06040784518191517,3,smooth,0.19875924749572538,True
L1_Total,1,0.08333333333333333,0.5073379502191464,0.0422781625182622,0.45375392886707244,0.03781282740558937,3,smooth,0.05358402135207396,True
L2_State,3,0.08333333333333333,0.5767067909750174,0.04805889924791811,0.520655919184719,0.04338799326539325,3,smooth,0.05605087179029844,True
L3_Store,10,0.08333333333333334,0.7401545292640281,0.06167954410533569,0.6151771863090169,0.05126476552575141,3,smooth,0.12497734295501128,True
L4_Category,3,0.08333333333333334,0.604759368600333,0.05039661405002775,0.5289289789567219,0.044077414913060164,3,smooth,0.0758303896436111,True
L5_Department,5,0.08333333333333334,0.6523898681976393,0.054365822349803285,0.5557727925760959,0.04631439938134133,3,smooth,0.09661707562154342,True
L6_State_Category,9,0.08333333333333333,0.6886482203270584,0.057387351693921534,0.6071238864341666,0.05059365720284721,3,smooth,0.08152433389289182,True
L7_State_Department,14,0.08333333333333333,0.717435378906051,0.059786281575504245,0.6248475268199822,0.052070627234998515,3,smooth,0.09258785208606879,True
L8_Store_Category,29,0.08333333333333333,0.8226918860728495,0.06855765717273746,0.6756263409703251,0.05630219508086043,3,smooth,0.14706554510252434,True
L9_Store_Department,39,0.08333333333333333,0.8432307727764436,0.07026923106470363,0.6892216891285293,0.057435140760710775,3,smooth,0.15400908364791432,True
L10_Item,119,0.08333333333333333,1.0277247929316577,0.08564373274430481,0.8421317402712944,0.07017764502260787,4,erratic,0.1855930526603633,True
L11_Item_State,171,0.08333333333333333,1.0625351561119605,0.08854459634266337,0.8496651222205298,0.07080542685171082,4,erratic,0.21287003389143067,True
L12_Item_Store,200,0.08333333333333333,1.0647689308650006,0.08873074423875003,0.8542108023403597,0.07118423352836331,4,erratic,0.21055812852464084,True
L1_Total,1,0.08333333333333333,0.49534927970156534,0.04127910664179711,0.32078087082109275,0.026731739235091062,4,erratic,0.1745684088804726,True
L2_State,3,0.08333333333333334,0.743806903493332,0.06198390862444434,0.5387367452687231,0.044894728772393595,4,erratic,0.20507015822460894,True
L3_Store,10,0.08333333333333333,0.8481656809408663,0.07068047341173886,0.6665224466662828,0.05554353722219023,4,erratic,0.1816432342745835,True
L4_Category,3,0.08333333333333333,0.5990603402710547,0.04992169502258789,0.3693985398758987,0.03078321165632489,4,erratic,0.229661800395156,True
L5_Department,5,0.08333333333333333,0.679474802598643,0.056622900216553584,0.4320552674167191,0.036004605618059925,4,erratic,0.2474195351819239,True
L6_State_Category,9,0.08333333333333333,0.8531391876836116,0.07109493230696763,0.632188760969159,0.05268239674742991,4,erratic,0.22095042671445264,True
L7_State_Department,15,0.08333333333333333,0.8231978512971385,0.0685998209414282,0.69658181996578,0.05804848499714833,4,erratic,0.12661603133135857,True
L8_Store_Category,25,0.08333333333333333,0.9052816432102789,0.07544013693418991,0.7399646524329567,0.06166372103607973,4,erratic,0.1653169907773222,True
L9_Store_Department,39,0.08333333333333333,0.9443289704181099,0.07869408086817582,0.7950048725757419,0.0662504060479785,4,erratic,0.149324097842368,True
L10_Item,191,0.08333333333333333,1.1734131637946397,0.09778443031621996,0.9248510072299069,0.0770709172691589,4,intermittent,0.2485621565647328,True
L11_Item_State,198,0.08333333333333333,1.1732938946735667,0.09777449122279722,0.9232887935282469,0.07694073279402057,4,intermittent,0.2500051011453198,True
L12_Item_Store,200,0.08333333333333333,1.1858448780657689,0.09882040650548074,0.9040264662509431,0.07533553885424525,4,intermittent,0.2818184118148258,True
L1_Total,1,0.08333333333333333,0.9726780116674654,0.08105650097228878,0.8257057111094277,0.06880880925911897,4,intermittent,0.14697230055803767,True
L2_State,3,0.08333333333333333,1.0826079123817673,0.09021732603181394,0.9004720846156333,0.07503934038463611,4,intermittent,0.18213582776613402,True
L3_Store,10,0.08333333333333333,1.2229898210365107,0.10191581841970922,1.027056655170078,0.08558805459750649,4,intermittent,0.19593316586643272,True
L4_Category,3,0.08333333333333334,1.0444669603092218,0.08703891335910183,0.903482248623734,0.07529018738531118,4,intermittent,0.14098471168548776,True
L5_Department,7,0.08333333333333333,1.102056290579005,0.09183802421491707,0.8918107494463061,0.07431756245385884,4,intermittent,0.2102455411326989,True
L6_State_Category,9,0.08333333333333333,1.187866264701635,0.09898885539180291,0.9552852587432697,0.07960710489527248,4,intermittent,0.23258100595836517,True
L7_State_Department,21,0.08333333333333333,1.1981382071088482,0.09984485059240401,0.9735060074989274,0.08112550062491061,4,intermittent,0.22463219960992087,True
L8_Store_Category,30,0.08333333333333333,1.2495902808777126,0.10413252340647604,0.9482341369581853,0.0790195114131821,4,intermittent,0.30135614391952736,True
L9_Store_Department,60,0.08333333333333333,1.2223519250348824,0.10186266041957354,0.9191126420778825,0.07659272017315687,4,intermittent,0.303239282957,True
L10_Item,182,0.08333333333333333,1.4259541470434385,0.11882951225361987,1.0153535509358464,0.08461279591132052,4,lumpy,0.41060059610759203,True
L11_Item_State,197,0.08333333333333333,1.4237250007573146,0.11864375006310954,1.0154085557262797,0.08461737964385664,4,lumpy,0.4083164450310348,True
L12_Item_Store,200,0.08333333333333333,1.4251400155970815,0.11876166796642344,1.0176349619638179,0.08480291349698482,4,lumpy,0.4075050536332636,True
L1_Total,1,0.08333333333333333,0.6631716800994332,0.05526430667495276,0.5056468300286201,0.04213723583571834,4,lumpy,0.15752485007081307,True
L2_State,3,0.08333333333333333,0.8100160804942272,0.0675013400411856,0.6353575974937404,0.0529464664578117,4,lumpy,0.1746584830004868,True
L3_Store,10,0.08333333333333333,1.0975820429254177,0.09146517024378481,0.8333603818648609,0.06944669848873841,4,lumpy,0.2642216610605568,True
L4_Category,3,0.08333333333333333,0.8202728834728366,0.06835607362273638,0.6298467406187123,0.052487228384892684,4,lumpy,0.1904261428541243,True
L5_Department,7,0.08333333333333333,1.1960935496588259,0.09967446247156882,0.8021165445870642,0.06684304538225534,4,lumpy,0.3939770050717617,True
L6_State_Category,9,0.08333333333333334,1.042150731500783,0.08684589429173192,0.7653380411962252,0.06377817009968544,4,lumpy,0.2768126903045578,True
L7_State_Department,21,0.08333333333333333,1.3733500604370101,0.11444583836975084,0.9459446789578029,0.07882872324648357,4,lumpy,0.42740538147920726,True
L8_Store_Category,30,0.08333333333333333,1.3211878829277075,0.11009899024397563,0.9768163007145289,0.0814013583928774,4,lumpy,0.34437158221317865,True
L9_Store_Department,59,0.08333333333333333,1.4262667666225382,0.11885556388521151,1.0477949617125037,0.0873162468093753,4,lumpy,0.3784718049100344,True
L10_Item,142,0.08333333333333333,0.9534456490103563,0.07945380408419636,0.7093533977618627,0.05911278314682189,4,smooth,0.24409225124849365,True
L11_Item_State,180,0.08333333333333333,0.9580538979399775,0.07983782482833146,0.7177051258582519,0.05980876048818765,4,smooth,0.24034877208172567,True
L12_Item_Store,200,0.08333333333333333,0.9722484303875621,0.08102070253229685,0.7220618795066309,0.06017182329221924,4,smooth,0.2501865508809312,True
L1_Total,1,0.08333333333333333,0.5573070883757636,0.046442257364646966,0.3189175136837242,0.02657645947364368,4,smooth,0.23838957469203942,True
L2_State,3,0.08333333333333333,0.6005639952603954,0.05004699960503295,0.4092255144918137,0.03410212620765114,4,smooth,0.19133848076858168,True
L3_Store,10,0.08333333333333334,0.7358651473235681,0.06132209561029735,0.5316479114257977,0.044303992618816485,4,smooth,0.2042172358977704,True
L4_Category,3,0.08333333333333334,0.6540191138495189,0.054501592820793254,0.40977050545983357,0.0341475421216528,4,smooth,0.24424860838968537,True
L5_Department,5,0.08333333333333333,0.6816785530948231,0.056806546091235255,0.451073218901005,0.03758943490841708,4,smooth,0.23060533419381807,True
L6_State_Category,9,0.08333333333333333,0.7048062729025049,0.058733856075208736,0.48014965172447044,0.0400124709770392,4,smooth,0.22465662117803442,True
L7_State_Department,14,0.08333333333333333,0.7317906212481016,0.06098255177067513,0.5122586774530963,0.04268822312109135,4,smooth,0.2195319437950053,True
L8_Store_Category,29,0.08333333333333333,0.8134232522568682,0.06778527102140568,0.589237628581704,0.049103135715142,4,smooth,0.22418562367516415,True
L9_Store_Department,39,0.08333333333333333,0.8383877826515213,0.06986564855429343,0.615007666764154,0.051250638897012826,4,smooth,0.22338011588736728,True
L10_Item,119,0.08333333333333333,1.1480798879087364,0.09567332399239468,0.8730624987245903,0.07275520822704919,5,erratic,0.2750173891841461,True
L11_Item_State,171,0.08333333333333333,1.1833663990004588,0.09861386658337157,0.9119418293481673,0.0759951524456806,5,erratic,0.27142456965229156,True
L12_Item_Store,200,0.08333333333333333,1.2023035809777265,0.10019196508147721,0.9223740942955977,0.07686450785796647,5,erratic,0.2799294866821288,True
L1_Total,1,0.08333333333333333,0.5692128673617821,0.04743440561348184,0.5569283705351122,0.046410697544592684,5,erratic,0.012284496826669877,True
L2_State,3,0.08333333333333333,0.6548338163926258,0.05456948469938548,0.5657953268696354,0.047149610572469615,5,erratic,0.08903848952299043,True
L3_Store,10,0.08333333333333333,0.8042631831032677,0.06702193192527231,0.6440509981454674,0.05367091651212228,5,erratic,0.16021218495780032,True
L4_Category,3,0.08333333333333334,0.6179707688140739,0.051497564067839494,0.6548921020562829,0.05457434183802358,5,erratic,-0.03692133324220903,False
L5_Department,5,0.08333333333333333,0.6352856261684465,0.05294046884737054,0.6438025284999378,0.05365021070832815,5,erratic,-0.008516902331491272,False
L6_State_Category,9,0.08333333333333333,0.7293721781671366,0.06078101484726138,0.6454957918632261,0.05379131598860217,5,erratic,0.08387638630391048,True
L7_State_Department,15,0.08333333333333333,0.8541193763618106,0.07117661469681755,0.7218089759981748,0.0601507479998479,5,erratic,0.13231040036363573,True
L8_Store_Category,25,0.08333333333333333,0.8926542128363233,0.0743878510696936,0.7026956735186457,0.058557972793220475,5,erratic,0.1899585393176776,True
L9_Store_Department,39,0.08333333333333333,1.0402734319567568,0.08668945266306306,0.8176105553442647,0.06813421294535539,5,erratic,0.22266287661249207,True
L10_Item,191,0.08333333333333333,1.2622573357896212,0.10518811131580176,0.9803280442178401,0.08169400368482001,5,intermittent,0.28192929157178104,True
L11_Item_State,198,0.08333333333333333,1.2636885978312395,0.1053073831526033,0.9807953321446167,0.08173294434538472,5,intermittent,0.2828932656866229,True
L12_Item_Store,200,0.08333333333333333,1.2231409008942618,0.10192840840785514,0.9357949155279794,0.07798290962733162,5,intermittent,0.2873459853662823,True
L1_Total,1,0.08333333333333333,1.2677464335668653,0.1056455361305721,1.732318746956614,0.14435989557971782,5,intermittent,-0.4645723133897486,False
L2_State,3,0.08333333333333333,1.5489424713351194,0.12907853927792662,1.6294545012152173,0.1357878751012681,5,intermittent,-0.08051202988009787,False
L3_Store,10,0.08333333333333333,1.3747153354285249,0.11455961128571039,1.3057461830386121,0.10881218191988433,5,intermittent,0.06896915238991275,True
L4_Category,3,0.08333333333333333,1.367545801136094,0.11396215009467449,1.4698053615041071,0.12248378012534225,5,intermittent,-0.1022595603680132,False
L5_Department,7,0.08333333333333333,1.378078506910064,0.11483987557583866,1.3747652483661978,0.11456377069718314,5,intermittent,0.0033132585438662154,True
L6_State_Category,9,0.08333333333333334,1.4262470577662407,0.11885392148052007,1.3717661467559399,0.11431384556299501,5,intermittent,0.054480911010300836,True
L7_State_Department,21,0.08333333333333333,1.4338730173716392,0.11948941811430326,1.295021010410655,0.10791841753422124,5,intermittent,0.1388520069609842,True
L8_Store_Category,30,0.08333333333333333,1.30962233274445,0.10913519439537082,1.1505506045968,0.09587921704973332,5,intermittent,0.15907172814765014,True
L9_Store_Department,60,0.08333333333333333,1.3061749653859922,0.108847913782166,1.1091337340761218,0.09242781117301015,5,intermittent,0.1970412313098704,True
L10_Item,182,0.08333333333333333,1.2824118201023447,0.10686765167519538,1.0091195903393515,0.08409329919494594,5,lumpy,0.27329222976299317,True
L11_Item_State,197,0.08333333333333333,1.2626462361524287,0.10522051967936905,0.9834406669423615,0.08195338891186346,5,lumpy,0.2792055692100671,True
L12_Item_Store,200,0.08333333333333333,1.2683086171766214,0.10569238476471844,0.9870537909017593,0.0822544825751466,5,lumpy,0.2812548262748621,True
L1_Total,1,0.08333333333333333,1.1249192344966463,0.09374326954138719,1.3459486918820105,0.11216239099016753,5,lumpy,-0.22102945738536417,False
L2_State,3,0.08333333333333333,1.0465051544317634,0.08720876286931362,1.1104838077393038,0.09254031731160864,5,lumpy,-0.06397865330754038,False
L3_Store,10,0.08333333333333333,1.2152144735794665,0.10126787279828887,1.0495645337439676,0.08746371114533064,5,lumpy,0.16564993983549892,True
L4_Category,3,0.08333333333333333,1.221983827383083,0.1018319856152569,1.4519011589061768,0.12099176324218139,5,lumpy,-0.2299173315230938,False
L5_Department,7,0.08333333333333333,1.2244846270060845,0.10204038558384036,1.208216232126406,0.10068468601053383,5,lumpy,0.01626839487967846,True
L6_State_Category,9,0.08333333333333333,1.1951635004011316,0.09959695836676097,1.204912106932694,0.10040934224439116,5,lumpy,-0.009748606531562398,False
L7_State_Department,21,0.08333333333333333,1.2502814820730823,0.10419012350609018,1.08791741370372,0.09065978447530999,5,lumpy,0.16236406836936235,True
L8_Store_Category,30,0.08333333333333334,1.330375964617257,0.11086466371810476,1.0925536646172263,0.0910461387181022,5,lumpy,0.2378223000000308,True
L9_Store_Department,59,0.08333333333333333,1.3573060742053815,0.11310883951711512,1.0910927740893506,0.09092439784077921,5,lumpy,0.26621330011603095,True
L10_Item,142,0.08333333333333333,0.9495263688682155,0.07912719740568462,0.7532145175566237,0.06276787646305197,5,smooth,0.1963118513115918,True
L11_Item_State,180,0.08333333333333333,0.9703506466489051,0.08086255388740876,0.7663012188004288,0.06385843490003573,5,smooth,0.20404942784847635,True
L12_Item_Store,200,0.08333333333333333,0.9670527586011796,0.08058772988343163,0.7614043301299593,0.06345036084416328,5,smooth,0.20564842847122022,True
L1_Total,1,0.08333333333333333,0.46658455744380645,0.03888204645365054,0.47240358058963106,0.03936696504913592,5,smooth,-0.005819023145824609,False
L2_State,3,0.08333333333333333,0.5483331743611582,0.04569443119676318,0.5524770397058532,0.04603975330882109,5,smooth,-0.004143865344694908,False
L3_Store,10,0.08333333333333334,0.6788463647039984,0.05657053039199987,0.6321486721714267,0.05267905601428556,5,smooth,0.04669769253257172,True
L4_Category,3,0.08333333333333334,0.5401159819577115,0.04500966516314263,0.5178634395791358,0.04315528663159466,5,smooth,0.022252542378575657,True
L5_Department,5,0.08333333333333334,0.587671864154315,0.048972655346192925,0.5335176871287142,0.04445980726072619,5,smooth,0.05415417702560088,True
L6_State_Category,9,0.08333333333333333,0.6599331968988986,0.054994433074908214,0.620402917598847,0.05170024313323725,5,smooth,0.039530279300051596,True
L7_State_Department,14,0.08333333333333333,0.6949132011911626,0.057909433432596885,0.622454164107462,0.0518711803422885,5,smooth,0.0724590370837006,True
L8_Store_Category,29,0.08333333333333333,0.7732237424390619,0.06443531186992182,0.6623142399623192,0.05519285333019326,5,smooth,0.1109095024767427,True
L9_Store_Department,39,0.08333333333333333,0.7998495642247779,0.06665413035206483,0.6707017773769304,0.05589181478141086,5,smooth,0.12914778684784756,True
