fold,demand_type,model,level,level_name,series_count,weight_sum,wrmsse_contribution,level_normalised_wrmsse
1,erratic,LSTM,1,Total,1,0.08333333333333333,0.13095793017222934,1.571495162066752
1,erratic,LSTM,2,State,3,0.08333333333333333,0.11562450504322566,1.387494060518708
1,erratic,LSTM,3,Store,10,0.08333333333333333,0.10042820233030612,1.2051384279636737
1,erratic,LSTM,4,Category,3,0.08333333333333333,0.12550808887978943,1.506097066557473
1,erratic,LSTM,5,Department,5,0.08333333333333333,0.11662449187752663,1.3994939025303197
1,erratic,LSTM,6,State × Category,9,0.08333333333333334,0.10925738585187997,1.3110886302225595
1,erratic,LSTM,7,State × Department,15,0.08333333333333334,0.11966961333270205,1.4360353599924245
1,erratic,LSTM,8,Store × Category,25,0.08333333333333333,0.09781295274264055,1.1737554329116868
1,erratic,LSTM,9,Store × Department,39,0.08333333333333333,0.11799620664493113,1.4159544797391737
1,erratic,LSTM,10,Item,119,0.08333333333333333,0.11475386103145543,1.3770463323774653
1,erratic,LSTM,11,Item × State,171,0.08333333333333334,0.11256501049235915,1.3507801259083096
1,erratic,LSTM,12,Item × Store,200,0.08333333333333333,0.11201152375861176,1.3441382851033412
1,erratic,XGBoost,1,Total,1,0.08333333333333333,0.06067505892824675,0.728100707138961
1,erratic,XGBoost,2,State,3,0.08333333333333333,0.06302072777035761,0.7562487332442913
1,erratic,XGBoost,3,Store,10,0.08333333333333333,0.07369287849455039,0.8843145419346047
1,erratic,XGBoost,4,Category,3,0.08333333333333333,0.07662775348500839,0.9195330418201006
1,erratic,XGBoost,5,Department,5,0.08333333333333333,0.07560495631144983,0.907259475737398
1,erratic,XGBoost,6,State × Category,9,0.08333333333333334,0.07478877974627558,0.8974653569553069
1,erratic,XGBoost,7,State × Department,15,0.08333333333333334,0.09701472676901145,1.1641767212281373
1,erratic,XGBoost,8,Store × Category,25,0.08333333333333333,0.08064107895775945,0.9676929474931134
1,erratic,XGBoost,9,Store × Department,39,0.08333333333333333,0.10848454827061531,1.3018145792473839
1,erratic,XGBoost,10,Item,119,0.08333333333333333,0.11421052515197139,1.3705263018236566
1,erratic,XGBoost,11,Item × State,171,0.08333333333333334,0.1144711690163325,1.37365402819599
1,erratic,XGBoost,12,Item × Store,200,0.08333333333333333,0.11445429596088341,1.373451551530601
1,smooth,LSTM,1,Total,1,0.08333333333333333,0.09120070298463319,1.0944084358155983
1,smooth,LSTM,2,State,3,0.08333333333333333,0.08569954607911158,1.028394552949339
1,smooth,LSTM,3,Store,10,0.08333333333333333,0.0870338506217207,1.0444062074606484
1,smooth,LSTM,4,Category,3,0.08333333333333333,0.09111017394574167,1.0933220873489
1,smooth,LSTM,5,Department,5,0.08333333333333333,0.0917143438253106,1.1005721259037273
1,smooth,LSTM,6,State × Category,9,0.08333333333333334,0.08355332912665896,1.0026399495199074
1,smooth,LSTM,7,State × Department,14,0.08333333333333333,0.08385413212923434,1.0062495855508122
1,smooth,LSTM,8,Store × Category,29,0.08333333333333333,0.08289232909430243,0.9947079491316292
1,smooth,LSTM,9,Store × Department,39,0.08333333333333331,0.08244823195408665,0.9893787834490401
1,smooth,LSTM,10,Item,142,0.08333333333333334,0.07186583701660418,0.86239004419925
1,smooth,LSTM,11,Item × State,180,0.08333333333333334,0.06918332919515557,0.8301999503418668
1,smooth,LSTM,12,Item × Store,200,0.08333333333333334,0.06864763139957132,0.8237715767948558
1,smooth,XGBoost,1,Total,1,0.08333333333333333,0.059348130906143465,0.7121775708737216
1,smooth,XGBoost,2,State,3,0.08333333333333333,0.058596670056358144,0.7031600406762978
1,smooth,XGBoost,3,Store,10,0.08333333333333333,0.06210739504449559,0.7452887405339471
1,smooth,XGBoost,4,Category,3,0.08333333333333333,0.06201774223632775,0.744212906835933
1,smooth,XGBoost,5,Department,5,0.08333333333333333,0.062245333737123806,0.7469440048454857
1,smooth,XGBoost,6,State × Category,9,0.08333333333333334,0.06384260428398748,0.7661112514078497
1,smooth,XGBoost,7,State × Department,14,0.08333333333333333,0.0652544473107028,0.7830533677284337
1,smooth,XGBoost,8,Store × Category,29,0.08333333333333333,0.06562284216962035,0.7874741060354442
1,smooth,XGBoost,9,Store × Department,39,0.08333333333333331,0.06671419833986388,0.8005703800783667
1,smooth,XGBoost,10,Item,142,0.08333333333333334,0.061382125175177465,0.7365855021021295
1,smooth,XGBoost,11,Item × State,180,0.08333333333333334,0.06151973478196065,0.7382368173835278
1,smooth,XGBoost,12,Item × Store,200,0.08333333333333334,0.06148824795642527,0.7378589754771031
2,erratic,LSTM,1,Total,1,0.08333333333333333,0.1468447519281036,1.762137023137243
2,erratic,LSTM,2,State,3,0.08333333333333334,0.1305931610370138,1.5671179324441653
2,erratic,LSTM,3,Store,10,0.08333333333333334,0.12843827346062067,1.541259281527448
2,erratic,LSTM,4,Category,3,0.08333333333333333,0.14019779350302647,1.6823735220363176
2,erratic,LSTM,5,Department,5,0.08333333333333333,0.1297538633585028,1.5570463603020337
2,erratic,LSTM,6,State × Category,9,0.08333333333333333,0.12258036033954321,1.4709643240745187
2,erratic,LSTM,7,State × Department,15,0.08333333333333333,0.11818639289483218,1.4182367147379862
2,erratic,LSTM,8,Store × Category,25,0.08333333333333333,0.11527499110662782,1.383299893279534
2,erratic,LSTM,9,Store × Department,39,0.08333333333333331,0.11324518694802291,1.3589422433762752
2,erratic,LSTM,10,Item,119,0.08333333333333334,0.10401952312903454,1.2482342775484143
2,erratic,LSTM,11,Item × State,171,0.08333333333333334,0.10339126369470218,1.2406951643364261
2,erratic,LSTM,12,Item × Store,200,0.08333333333333334,0.10237795655243356,1.2285354786292026
2,erratic,XGBoost,1,Total,1,0.08333333333333333,0.046989554962867414,0.563874659554409
2,erratic,XGBoost,2,State,3,0.08333333333333334,0.055628714074082763,0.667544568888993
2,erratic,XGBoost,3,Store,10,0.08333333333333334,0.08097607623139452,0.9717129147767342
2,erratic,XGBoost,4,Category,3,0.08333333333333333,0.056405454634986876,0.6768654556198426
2,erratic,XGBoost,5,Department,5,0.08333333333333333,0.06360128078097319,0.7632153693716782
2,erratic,XGBoost,6,State × Category,9,0.08333333333333333,0.05973770333528336,0.7168524400234003
2,erratic,XGBoost,7,State × Department,15,0.08333333333333333,0.06813396523845022,0.8176075828614027
2,erratic,XGBoost,8,Store × Category,25,0.08333333333333333,0.07830400523050263,0.9396480627660315
2,erratic,XGBoost,9,Store × Department,39,0.08333333333333331,0.07878095183323647,0.9453714219988378
2,erratic,XGBoost,10,Item,119,0.08333333333333334,0.07875977496677995,0.9451172996013594
2,erratic,XGBoost,11,Item × State,171,0.08333333333333334,0.08073295055639347,0.9687954066767216
2,erratic,XGBoost,12,Item × Store,200,0.08333333333333334,0.08114537423928404,0.9737444908714085
2,smooth,LSTM,1,Total,1,0.08333333333333333,0.1084936962066792,1.3019243544801504
2,smooth,LSTM,2,State,3,0.08333333333333333,0.0951307610288778,1.1415691323465336
2,smooth,LSTM,3,Store,10,0.08333333333333333,0.08876255974650123,1.0651507169580148
2,smooth,LSTM,4,Category,3,0.08333333333333334,0.10132895293349248,1.2159474352019095
2,smooth,LSTM,5,Department,5,0.08333333333333334,0.09701057756777992,1.1641269308133588
2,smooth,LSTM,6,State × Category,9,0.08333333333333333,0.08754327531330587,1.0505193037596705
2,smooth,LSTM,7,State × Department,14,0.08333333333333334,0.0835097964815298,1.0021175577783574
2,smooth,LSTM,8,Store × Category,29,0.08333333333333334,0.08052298567546402,0.9662758281055682
2,smooth,LSTM,9,Store × Department,39,0.08333333333333336,0.07677382841298065,0.9212859409557675
2,smooth,LSTM,10,Item,142,0.08333333333333333,0.07347518534079554,0.8817022240895466
2,smooth,LSTM,11,Item × State,180,0.08333333333333334,0.071785430813034,0.8614251697564079
2,smooth,LSTM,12,Item × Store,200,0.08333333333333334,0.0718053303110899,0.8616639637330787
2,smooth,XGBoost,1,Total,1,0.08333333333333333,0.03851392828932057,0.46216713947184684
2,smooth,XGBoost,2,State,3,0.08333333333333333,0.04284234823411307,0.5141081788093569
2,smooth,XGBoost,3,Store,10,0.08333333333333333,0.05306488332585975,0.636778599910317
2,smooth,XGBoost,4,Category,3,0.08333333333333334,0.046482727349018156,0.5577927281882178
2,smooth,XGBoost,5,Department,5,0.08333333333333334,0.04905413076372122,0.5886495691646546
2,smooth,XGBoost,6,State × Category,9,0.08333333333333333,0.05010705983217524,0.601284717986103
2,smooth,XGBoost,7,State × Department,14,0.08333333333333334,0.0528683464035074,0.6344201568420887
2,smooth,XGBoost,8,Store × Category,29,0.08333333333333334,0.056312583082089106,0.6757509969850692
2,smooth,XGBoost,9,Store × Department,39,0.08333333333333336,0.05784518172768145,0.6941421807321773
2,smooth,XGBoost,10,Item,142,0.08333333333333333,0.06429223644432096,0.7715068373318515
2,smooth,XGBoost,11,Item × State,180,0.08333333333333334,0.06511918251658394,0.7814301901990072
2,smooth,XGBoost,12,Item × Store,200,0.08333333333333334,0.0654619963248198,0.7855439558978375
3,erratic,LSTM,1,Total,1,0.08333333333333333,0.11431454941331001,1.3717745929597203
3,erratic,LSTM,2,State,3,0.08333333333333334,0.10256537227253408,1.230784467270409
3,erratic,LSTM,3,Store,10,0.08333333333333333,0.10304076681925357,1.236489201831043
3,erratic,LSTM,4,Category,3,0.08333333333333333,0.10570333993039503,1.2684400791647406
3,erratic,LSTM,5,Department,5,0.08333333333333333,0.09697088569087446,1.1636506282904937
3,erratic,LSTM,6,State × Category,9,0.08333333333333333,0.09254982624138555,1.1105979148966267
3,erratic,LSTM,7,State × Department,15,0.08333333333333333,0.10096441821241317,1.2115730185489582
3,erratic,LSTM,8,Store × Category,25,0.08333333333333334,0.09503148998444859,1.140377879813383
3,erratic,LSTM,9,Store × Department,39,0.08333333333333334,0.09968229765428539,1.1961875718514245
3,erratic,LSTM,10,Item,119,0.08333333333333334,0.09852733417572317,1.182328010108678
3,erratic,LSTM,11,Item × State,171,0.08333333333333331,0.09924558513684154,1.1909470216420988
3,erratic,LSTM,12,Item × Store,200,0.08333333333333333,0.09891707131262972,1.1870048557515567
3,erratic,XGBoost,1,Total,1,0.08333333333333333,0.050476631665502626,0.6057195799860315
3,erratic,XGBoost,2,State,3,0.08333333333333334,0.056257979406771685,0.6750957528812601
3,erratic,XGBoost,3,Store,10,0.08333333333333333,0.061370116863888095,0.7364414023666572
3,erratic,XGBoost,4,Category,3,0.08333333333333333,0.04742478500384951,0.5690974200461941
3,erratic,XGBoost,5,Department,5,0.08333333333333333,0.05021672332840465,0.6026006799408559
3,erratic,XGBoost,6,State × Category,9,0.08333333333333333,0.052312488569929094,0.6277498628391491
3,erratic,XGBoost,7,State × Department,15,0.08333333333333333,0.06079686773786802,0.7295624128544163
3,erratic,XGBoost,8,Store × Category,25,0.08333333333333334,0.058178325264512554,0.6981399031741505
3,erratic,XGBoost,9,Store × Department,39,0.08333333333333334,0.06646245793665931,0.7975494952399116
3,erratic,XGBoost,10,Item,119,0.08333333333333334,0.07005500487164856,0.8406600584597826
3,erratic,XGBoost,11,Item × State,171,0.08333333333333331,0.0726811025181222,0.8721732302174665
3,erratic,XGBoost,12,Item × Store,200,0.08333333333333333,0.07328884832467221,0.8794661798960666
3,smooth,LSTM,1,Total,1,0.08333333333333333,0.08979132601831875,1.077495912219825
3,smooth,LSTM,2,State,3,0.08333333333333333,0.08308109091199736,0.9969730909439684
3,smooth,LSTM,3,Store,10,0.08333333333333333,0.08079211435763903,0.9695053722916683
3,smooth,LSTM,4,Category,3,0.08333333333333333,0.08641989116771974,1.037038694012637
3,smooth,LSTM,5,Department,5,0.08333333333333333,0.08461938474801153,1.0154326169761385
3,smooth,LSTM,6,State × Category,9,0.08333333333333333,0.08011731529836552,0.9614077835803863
3,smooth,LSTM,7,State × Department,14,0.08333333333333333,0.07755643313236303,0.9306771975883564
3,smooth,LSTM,8,Store × Category,29,0.08333333333333334,0.0761526090647507,0.9138313087770084
3,smooth,LSTM,9,Store × Department,39,0.08333333333333331,0.07357005444456192,0.8828406533347433
3,smooth,LSTM,10,Item,142,0.08333333333333334,0.06428278018370717,0.771393362204486
3,smooth,LSTM,11,Item × State,180,0.08333333333333333,0.06453871248799725,0.774464549855967
3,smooth,LSTM,12,Item × Store,200,0.08333333333333333,0.06438937699606939,0.7726725239528327
3,smooth,XGBoost,1,Total,1,0.08333333333333333,0.03781282740558937,0.45375392886707244
3,smooth,XGBoost,2,State,3,0.08333333333333333,0.04338799326539325,0.520655919184719
3,smooth,XGBoost,3,Store,10,0.08333333333333333,0.051264765525751405,0.6151771863090169
3,smooth,XGBoost,4,Category,3,0.08333333333333333,0.044077414913060164,0.528928978956722
3,smooth,XGBoost,5,Department,5,0.08333333333333333,0.04631439938134134,0.5557727925760961
3,smooth,XGBoost,6,State × Category,9,0.08333333333333333,0.05059365720284722,0.6071238864341667
3,smooth,XGBoost,7,State × Department,14,0.08333333333333333,0.052070627234998515,0.6248475268199822
3,smooth,XGBoost,8,Store × Category,29,0.08333333333333334,0.05630219508086043,0.675626340970325
3,smooth,XGBoost,9,Store × Department,39,0.08333333333333331,0.057435140760710775,0.6892216891285294
3,smooth,XGBoost,10,Item,142,0.08333333333333334,0.05873745634129472,0.7048494760955366
3,smooth,XGBoost,11,Item × State,180,0.08333333333333333,0.06011819673992309,0.7214183608790771
3,smooth,XGBoost,12,Item × Store,200,0.08333333333333333,0.060407845181915165,0.724894142182982
4,erratic,LSTM,1,Total,1,0.08333333333333333,0.09357380767780885,1.1228856921337063
4,erratic,LSTM,2,State,3,0.08333333333333334,0.09060740628378137,1.0872888754053764
4,erratic,LSTM,3,Store,10,0.08333333333333333,0.09273679784543166,1.11284157414518
4,erratic,LSTM,4,Category,3,0.08333333333333334,0.08113828135932728,0.9736593763119273
4,erratic,LSTM,5,Department,5,0.08333333333333334,0.0757433084262128,0.9089197011145534
4,erratic,LSTM,6,State × Category,9,0.08333333333333334,0.0832944372264178,0.9995332467170135
4,erratic,LSTM,7,State × Department,15,0.08333333333333333,0.08944385327791274,1.073326239334953
4,erratic,LSTM,8,Store × Category,25,0.08333333333333334,0.09273461498071883,1.1128153797686258
4,erratic,LSTM,9,Store × Department,39,0.08333333333333334,0.09471710131366216,1.136605215763946
4,erratic,LSTM,10,Item,119,0.08333333333333333,0.09536710090654432,1.1444052108785319
4,erratic,LSTM,11,Item × State,171,0.08333333333333331,0.09477665497815792,1.1373198597378953
4,erratic,LSTM,12,Item × Store,200,0.08333333333333333,0.09482575455447459,1.1379090546536952
4,erratic,XGBoost,1,Total,1,0.08333333333333333,0.026731739235091062,0.32078087082109275
4,erratic,XGBoost,2,State,3,0.08333333333333334,0.044894728772393595,0.5387367452687231
4,erratic,XGBoost,3,Store,10,0.08333333333333333,0.05554353722219023,0.6665224466662828
4,erratic,XGBoost,4,Category,3,0.08333333333333334,0.03078321165632489,0.36939853987589866
4,erratic,XGBoost,5,Department,5,0.08333333333333334,0.036004605618059925,0.43205526741671907
4,erratic,XGBoost,6,State × Category,9,0.08333333333333334,0.052682396747429916,0.6321887609691589
4,erratic,XGBoost,7,State × Department,15,0.08333333333333333,0.05804848499714833,0.69658181996578
4,erratic,XGBoost,8,Store × Category,25,0.08333333333333334,0.06166372103607973,0.7399646524329566
4,erratic,XGBoost,9,Store × Department,39,0.08333333333333334,0.06625040604797851,0.795004872575742
4,erratic,XGBoost,10,Item,119,0.08333333333333333,0.07017764502260784,0.8421317402712941
4,erratic,XGBoost,11,Item × State,171,0.08333333333333331,0.07080542685171082,0.84966512222053
4,erratic,XGBoost,12,Item × Store,200,0.08333333333333333,0.07118423352836331,0.8542108023403597
4,smooth,LSTM,1,Total,1,0.08333333333333333,0.07001688098390713,0.8402025718068855
4,smooth,LSTM,2,State,3,0.08333333333333333,0.06552995289434203,0.7863594347321045
4,smooth,LSTM,3,Store,10,0.08333333333333333,0.06277467230722562,0.7532960676867075
4,smooth,LSTM,4,Category,3,0.08333333333333333,0.0687012041220359,0.8244144494644308
4,smooth,LSTM,5,Department,5,0.08333333333333333,0.06734369453204064,0.8081243343844877
4,smooth,LSTM,6,State × Category,9,0.08333333333333334,0.06340857800637673,0.7609029360765206
4,smooth,LSTM,7,State × Department,14,0.08333333333333334,0.06148886717461318,0.7378664060953581
4,smooth,LSTM,8,Store × Category,29,0.08333333333333333,0.0624587824683352,0.7495053896200224
4,smooth,LSTM,9,Store × Department,39,0.08333333333333333,0.06114610555020158,0.733753266602419
4,smooth,LSTM,10,Item,142,0.08333333333333333,0.0638624904818019,0.7663498857816228
4,smooth,LSTM,11,Item × State,180,0.08333333333333334,0.06393352925649423,0.7672023510779307
4,smooth,LSTM,12,Item × Store,200,0.08333333333333333,0.06375428587916362,0.7650514305499635
4,smooth,XGBoost,1,Total,1,0.08333333333333333,0.02657645947364368,0.3189175136837242
4,smooth,XGBoost,2,State,3,0.08333333333333333,0.03410212620765114,0.4092255144918137
4,smooth,XGBoost,3,Store,10,0.08333333333333333,0.044303992618816485,0.5316479114257978
4,smooth,XGBoost,4,Category,3,0.08333333333333333,0.0341475421216528,0.4097705054598336
4,smooth,XGBoost,5,Department,5,0.08333333333333333,0.03758943490841709,0.4510732189010051
4,smooth,XGBoost,6,State × Category,9,0.08333333333333334,0.0400124709770392,0.4801496517244704
4,smooth,XGBoost,7,State × Department,14,0.08333333333333334,0.042688223121091357,0.5122586774530962
4,smooth,XGBoost,8,Store × Category,29,0.08333333333333333,0.04910313571514201,0.5892376285817041
4,smooth,XGBoost,9,Store × Department,39,0.08333333333333333,0.05125063889701283,0.6150076667641541
4,smooth,XGBoost,10,Item,142,0.08333333333333333,0.0591127831468219,0.7093533977618628
4,smooth,XGBoost,11,Item × State,180,0.08333333333333334,0.05980876048818766,0.7177051258582519
4,smooth,XGBoost,12,Item × Store,200,0.08333333333333333,0.06017182329221924,0.7220618795066309
5,erratic,LSTM,1,Total,1,0.08333333333333333,0.10856848889982249,1.30282186679787
5,erratic,LSTM,2,State,3,0.08333333333333333,0.09567562862144287,1.1481075434573145
5,erratic,LSTM,3,Store,10,0.08333333333333333,0.09273505410658515,1.112820649279022
5,erratic,LSTM,4,Category,3,0.08333333333333334,0.10324076594770487,1.2388891913724582
5,erratic,LSTM,5,Department,5,0.08333333333333334,0.09407292646600002,1.128875117592
5,erratic,LSTM,6,State × Category,9,0.08333333333333333,0.08969447057587338,1.0763336469104805
5,erratic,LSTM,7,State × Department,15,0.08333333333333331,0.09818500406349984,1.1782200487619983
5,erratic,LSTM,8,Store × Category,25,0.08333333333333334,0.0888818831769109,1.0665825981229307
5,erratic,LSTM,9,Store × Department,39,0.08333333333333334,0.0925826086943041,1.110991304331649
5,erratic,LSTM,10,Item,119,0.08333333333333331,0.09108102372692323,1.092972284723079
5,erratic,LSTM,11,Item × State,171,0.08333333333333334,0.09344062796853891,1.1212875356224667
5,erratic,LSTM,12,Item × Store,200,0.08333333333333334,0.09390733139174705,1.1268879767009645
5,erratic,XGBoost,1,Total,1,0.08333333333333333,0.04641069754459269,0.5569283705351123
5,erratic,XGBoost,2,State,3,0.08333333333333333,0.04714961057246962,0.5657953268696355
5,erratic,XGBoost,3,Store,10,0.08333333333333333,0.05367091651212228,0.6440509981454674
5,erratic,XGBoost,4,Category,3,0.08333333333333334,0.054574341838023586,0.654892102056283
5,erratic,XGBoost,5,Department,5,0.08333333333333334,0.05365021070832816,0.6438025284999378
5,erratic,XGBoost,6,State × Category,9,0.08333333333333333,0.053791315988602165,0.645495791863226
5,erratic,XGBoost,7,State × Department,15,0.08333333333333331,0.06015074799984789,0.7218089759981748
5,erratic,XGBoost,8,Store × Category,25,0.08333333333333334,0.05855797279322048,0.7026956735186457
5,erratic,XGBoost,9,Store × Department,39,0.08333333333333334,0.06813421294535538,0.8176105553442644
5,erratic,XGBoost,10,Item,119,0.08333333333333331,0.07275520822704919,0.8730624987245904
5,erratic,XGBoost,11,Item × State,171,0.08333333333333334,0.0759951524456806,0.9119418293481671
5,erratic,XGBoost,12,Item × Store,200,0.08333333333333334,0.07686450785796647,0.9223740942955976
5,smooth,LSTM,1,Total,1,0.08333333333333333,0.08821030267717957,1.0585236321261549
5,smooth,LSTM,2,State,3,0.08333333333333334,0.08164102952896185,0.9796923543475421
5,smooth,LSTM,3,Store,10,0.08333333333333334,0.07743203858849305,0.9291844630619166
5,smooth,LSTM,4,Category,3,0.08333333333333334,0.0852737048919105,1.0232844587029257
5,smooth,LSTM,5,Department,5,0.08333333333333334,0.08379465425686716,1.0055358510824057
5,smooth,LSTM,6,State × Category,9,0.08333333333333334,0.07805327313566356,0.9366392776279626
5,smooth,LSTM,7,State × Department,14,0.08333333333333334,0.07472255751450897,0.8966706901741076
5,smooth,LSTM,8,Store × Category,29,0.08333333333333333,0.07198068250778603,0.8637681900934323
5,smooth,LSTM,9,Store × Department,39,0.08333333333333333,0.06900476478451427,0.8280571774141713
5,smooth,LSTM,10,Item,142,0.08333333333333334,0.06814192391627005,0.8177030869952405
5,smooth,LSTM,11,Item × State,180,0.08333333333333333,0.0681947467400417,0.8183369608805003
5,smooth,LSTM,12,Item × Store,200,0.08333333333333334,0.06732294938288798,0.8078753925946557
5,smooth,XGBoost,1,Total,1,0.08333333333333333,0.03936696504913592,0.47240358058963106
5,smooth,XGBoost,2,State,3,0.08333333333333334,0.04603975330882108,0.5524770397058529
5,smooth,XGBoost,3,Store,10,0.08333333333333334,0.05267905601428557,0.6321486721714268
5,smooth,XGBoost,4,Category,3,0.08333333333333334,0.043155286631594666,0.5178634395791359
5,smooth,XGBoost,5,Department,5,0.08333333333333334,0.04445980726072619,0.5335176871287142
5,smooth,XGBoost,6,State × Category,9,0.08333333333333334,0.051700243133237234,0.6204029175988467
5,smooth,XGBoost,7,State × Department,14,0.08333333333333334,0.05187118034228849,0.6224541641074618
5,smooth,XGBoost,8,Store × Category,29,0.08333333333333333,0.055192853330193255,0.6623142399623191
5,smooth,XGBoost,9,Store × Department,39,0.08333333333333333,0.05589181478141086,0.6707017773769304
5,smooth,XGBoost,10,Item,142,0.08333333333333334,0.06276787646305199,0.7532145175566237
5,smooth,XGBoost,11,Item × State,180,0.08333333333333333,0.06385843490003573,0.7663012188004288
5,smooth,XGBoost,12,Item × Store,200,0.08333333333333334,0.06345036084416328,0.7614043301299592
